Campaign,Ad group,Ad ID,Day,Ad strength,Clicks,CTR,Conv. rate,Impressions,Impression (Absolute Top) %,Impression (Top) %,Cost / conv.,Click conversion rate,Cross-device conv.,Engagements,Conversions
โรงพิมพ์,กลุ่มโฆษณา  ซองจดหมาย,721921421400,"Nov 19, 2024",Excellent,0,0%,0%,0,0%,0%,฿0,0%,0,0,0
โรงพิมพ์,กลุ่มโฆษณา  ซองจดหมาย,721921421400,"Nov 20, 2024",Excellent,15,16.48%,10%,91,35.16%,76.92%,฿211.46,10%,0,0,1.5
โรงพิมพ์,กลุ่มโฆษณา  ซองจดหมาย,721921421400,"Nov 21, 2024",Excellent,9,14.52%,11.11%,62,41.94%,77.42%,฿157.08,11.11%,0,0,1
โรงพิมพ์,กลุ่มโฆษณา  ซองจดหมาย,721921421400,"Nov 22, 2024",Excellent,5,9.43%,0%,53,24.53%,73.58%,฿0,0%,0,0,0
โรงพิมพ์,กลุ่มโฆษณา  ซองจดหมาย,721921421400,"Nov 23, 2024",Excellent,5,14.71%,0%,34,44.12%,85.29%,฿0,0%,0,0,0
โรงพิมพ์,กลุ่มโฆษณา  ซองจดหมาย,721921421400,"Nov 24, 2024",Excellent,0,0%,0%,0,0%,0%,฿0,0%,0,0,0
โรงพิมพ์,กลุ่มโฆษณา  ซองจดหมาย,721921421400,"Nov 25, 2024",Excellent,14,18.42%,0%,76,30.26%,78.95%,฿0,0%,0,0,0
โรงพิมพ์,กลุ่มโฆษณา  ซองจดหมาย,721921421400,"Nov 26, 2024",Excellent,7,12.96%,0%,54,25.93%,74.07%,฿0,0%,0,0,0
โรงพิมพ์,กลุ่มโฆษณา  ซองจดหมาย,721921421400,"Nov 27, 2024",Excellent,12,20%,8.33%,60,16.67%,76.67%,฿175.27,8.33%,0,0,1
โรงพิมพ์,กลุ่มโฆษณา  ซองจดหมาย,721921421400,"Nov 28, 2024",Excellent,2,3.85%,0%,52,23.08%,67.31%,฿0,0%,0,0,0
โรงพิมพ์,กลุ่มโฆษณา  ซองจดหมาย,721921421400,"Nov 29, 2024",Excellent,8,13.56%,12.5%,59,8.47%,67.8%,฿103.47,12.5%,0,0,1
โรงพิมพ์,กลุ่มโฆษณา  ซองจดหมาย,721921421400,"Nov 30, 2024",Excellent,2,14.29%,0%,14,57.14%,71.43%,฿0,0%,0,0,0
โรงพิมพ์,กลุ่มโฆษณา  ซองจดหมาย,721921421400,"Dec 5, 2024",Excellent,0,0%,0%,0,0%,0%,฿0,0%,0,0,0
โรงพิมพ์,กลุ่มโฆษณา  ซองจดหมาย,721921421400,"Dec 6, 2024",Excellent,5,7.94%,0%,63,14.29%,74.6%,฿0,0%,0,0,0
โรงพิมพ์,กลุ่มโฆษณา  ซองจดหมาย,721921421400,"Dec 7, 2024",Excellent,3,14.29%,0%,21,23.81%,76.19%,฿0,0%,0,0,0
โรงพิมพ์,กลุ่มโฆษณา  ซองจดหมาย,721921421400,"Dec 8, 2024",Excellent,0,0%,0%,0,0%,0%,฿0,0%,0,0,0
โรงพิมพ์,กลุ่มโฆษณา  ซองจดหมาย,721921421400,"Dec 9, 2024",Excellent,7,16.28%,14.29%,43,30.23%,76.74%,฿113.83,14.29%,0,0,1
โรงพิมพ์,กลุ่มโฆษณา  ซองจดหมาย,721921421400,"Dec 10, 2024",Excellent,10,18.18%,0%,55,20%,70.91%,฿0,0%,0,0,0
โรงพิมพ์,กลุ่มโฆษณา  ซองจดหมาย,721921421400,"Dec 11, 2024",Excellent,5,7.14%,20%,70,15.71%,67.14%,฿55.39,20%,0,0,1
โรงพิมพ์,กลุ่มโฆษณา  ซองจดหมาย,721921421400,"Dec 12, 2024",Excellent,8,18.6%,25%,43,18.6%,79.07%,฿72.98,25%,0,0,2
โรงพิมพ์,กลุ่มโฆษณา  ซองจดหมาย,721921421400,"Dec 13, 2024",Excellent,4,8.16%,0%,49,14.29%,71.43%,฿0,0%,0,0,0
โรงพิมพ์,กลุ่มโฆษณา  ซองจดหมาย,721921421400,"Dec 14, 2024",Excellent,6,23.08%,0%,26,42.31%,57.69%,฿0,0%,0,0,0
โรงพิมพ์,กลุ่มโฆษณา  ซองจดหมาย,721921421400,"Dec 15, 2024",Excellent,0,0%,0%,0,0%,0%,฿0,0%,0,0,0
โรงพิมพ์,กลุ่มโฆษณา  ซองจดหมาย,721921421400,"Dec 16, 2024",Excellent,13,20.63%,15.38%,63,25.4%,77.78%,฿99.13,15.38%,0,0,2
โรงพิมพ์,กลุ่มโฆษณา  ซองจดหมาย,721921421400,"Dec 17, 2024",Excellent,9,11.25%,11.11%,80,10%,56.25%,฿135.49,11.11%,0,0,1
โรงพิมพ์,กลุ่มโฆษณา  ซองจดหมาย,721921421400,"Dec 18, 2024",Excellent,4,5.56%,50%,72,6.94%,58.33%,฿19.41,50%,0,0,2
โรงพิมพ์,กลุ่มโฆษณา  ซองจดหมาย,721921421400,"Dec 19, 2024",Excellent,2,4%,0%,50,10%,70%,฿0,0%,0,0,0
โรงพิมพ์,กลุ่มโฆษณา  ซองจดหมาย,721921421400,"Dec 20, 2024",Excellent,4,6.9%,0%,58,10.34%,65.52%,฿0,0%,0,0,0
โรงพิมพ์,กลุ่มโฆษณา  ซองจดหมาย,721921421400,"Dec 21, 2024",Excellent,3,13.64%,0%,22,50%,72.73%,฿0,0%,0,0,0
โรงพิมพ์,กลุ่มโฆษณา  ซองจดหมาย,721921421400,"Dec 22, 2024",Excellent,0,0%,0%,0,0%,0%,฿0,0%,0,0,0
โรงพิมพ์,กลุ่มโฆษณา  ซองจดหมาย,721921421400,"Dec 23, 2024",Excellent,7,8.75%,0%,80,16.25%,67.5%,฿0,0%,0,0,0
โรงพิมพ์,กลุ่มโฆษณา  ซองจดหมาย,721921421400,"Dec 24, 2024",Excellent,6,8.7%,0%,69,26.09%,71.01%,฿0,0%,0,0,0
โรงพิมพ์,กลุ่มโฆษณา  ซองจดหมาย,721921421400,"Dec 25, 2024",Excellent,4,8.16%,0%,49,16.33%,61.22%,฿0,0%,0,0,0
โรงพิมพ์,กลุ่มโฆษณา  ซองจดหมาย,721921421400,"Dec 26, 2024",Excellent,12,18.46%,0%,65,21.54%,75.38%,฿0,0%,0,0,0
โรงพิมพ์,กลุ่มโฆษณา ซองเอกสาร,721927266381,"Nov 19, 2024",Good,0,0%,0%,0,0%,0%,฿0,0%,0,0,0
โรงพิมพ์,กลุ่มโฆษณา ซองเอกสาร,721927266381,"Nov 20, 2024",Good,4,16.67%,62.5%,24,25%,62.5%,฿32.12,62.5%,0,0,2.5
โรงพิมพ์,กลุ่มโฆษณา ซองเอกสาร,721927266381,"Nov 21, 2024",Good,0,0%,0%,26,26.92%,65.38%,฿0,0%,0,0,0
โรงพิมพ์,กลุ่มโฆษณา ซองเอกสาร,721927266381,"Nov 22, 2024",Good,1,10%,0%,10,40%,90%,฿0,0%,0,0,0
โรงพิมพ์,กลุ่มโฆษณา ซองเอกสาร,721927266381,"Nov 23, 2024",Good,1,5.88%,0%,17,23.53%,52.94%,฿0,0%,0,0,0
โรงพิมพ์,กลุ่มโฆษณา ซองเอกสาร,721927266381,"Nov 24, 2024",Good,0,0%,0%,0,0%,0%,฿0,0%,0,0,0
โรงพิมพ์,กลุ่มโฆษณา ซองเอกสาร,721927266381,"Nov 25, 2024",Good,0,0%,0%,18,22.22%,83.33%,฿0,0%,0,0,0
โรงพิมพ์,กลุ่มโฆษณา ซองเอกสาร,721927266381,"Nov 26, 2024",Good,6,30%,0%,20,25%,80%,฿0,0%,0,0,0
โรงพิมพ์,กลุ่มโฆษณา ซองเอกสาร,721927266381,"Nov 27, 2024",Good,0,0%,0%,11,45.45%,72.73%,฿0,0%,0,0,0
โรงพิมพ์,กลุ่มโฆษณา ซองเอกสาร,721927266381,"Nov 28, 2024",Good,4,22.22%,25%,18,27.78%,77.78%,฿48.72,25%,0,0,1
โรงพิมพ์,กลุ่มโฆษณา ซองเอกสาร,721927266381,"Nov 29, 2024",Good,1,7.69%,0%,13,23.08%,69.23%,฿0,0%,0,0,0
โรงพิมพ์,กลุ่มโฆษณา ซองเอกสาร,721927266381,"Nov 30, 2024",Good,0,0%,0%,11,54.55%,63.64%,฿0,0%,0,0,0
โรงพิมพ์,กลุ่มโฆษณา ซองเอกสาร,721927266381,"Dec 5, 2024",Good,0,0%,0%,0,0%,0%,฿0,0%,0,0,0
โรงพิมพ์,กลุ่มโฆษณา ซองเอกสาร,721927266381,"Dec 6, 2024",Good,4,28.57%,0%,14,21.43%,71.43%,฿0,0%,0,0,0
โรงพิมพ์,กลุ่มโฆษณา ซองเอกสาร,721927266381,"Dec 7, 2024",Good,1,14.29%,0%,7,42.86%,57.14%,฿0,0%,0,0,0
โรงพิมพ์,กลุ่มโฆษณา ซองเอกสาร,721927266381,"Dec 8, 2024",Good,0,0%,0%,0,0%,0%,฿0,0%,0,0,0
โรงพิมพ์,กลุ่มโฆษณา ซองเอกสาร,721927266381,"Dec 9, 2024",Good,1,5.88%,0%,17,11.76%,52.94%,฿0,0%,0,0,0
โรงพิมพ์,กลุ่มโฆษณา ซองเอกสาร,721927266381,"Dec 10, 2024",Good,1,7.69%,0%,13,7.69%,69.23%,฿0,0%,0,0,0
โรงพิมพ์,กลุ่มโฆษณา ซองเอกสาร,721927266381,"Dec 11, 2024",Good,2,10.53%,0%,19,15.79%,57.89%,฿0,0%,0,0,0
โรงพิมพ์,กลุ่มโฆษณา ซองเอกสาร,721927266381,"Dec 12, 2024",Good,1,7.14%,0%,14,0%,35.71%,฿0,0%,0,0,0
โรงพิมพ์,กลุ่มโฆษณา ซองเอกสาร,721927266381,"Dec 13, 2024",Good,1,12.5%,0%,8,50%,75%,฿0,0%,0,0,0
โรงพิมพ์,กลุ่มโฆษณา ซองเอกสาร,721927266381,"Dec 14, 2024",Good,1,7.14%,0%,14,57.14%,71.43%,฿0,0%,0,0,0
โรงพิมพ์,กลุ่มโฆษณา ซองเอกสาร,721927266381,"Dec 15, 2024",Good,0,0%,0%,0,0%,0%,฿0,0%,0,0,0
โรงพิมพ์,กลุ่มโฆษณา ซองเอกสาร,721927266381,"Dec 16, 2024",Good,1,4.55%,0%,22,18.18%,54.55%,฿0,0%,0,0,0
โรงพิมพ์,กลุ่มโฆษณา ซองเอกสาร,721927266381,"Dec 17, 2024",Good,2,9.52%,0%,21,28.57%,76.19%,฿0,0%,0,0,0
โรงพิมพ์,กลุ่มโฆษณา ซองเอกสาร,721927266381,"Dec 18, 2024",Good,2,9.52%,0%,21,9.52%,61.9%,฿0,0%,0,0,0
โรงพิมพ์,กลุ่มโฆษณา ซองเอกสาร,721927266381,"Dec 19, 2024",Good,0,0%,0%,14,21.43%,57.14%,฿0,0%,0,0,0
โรงพิมพ์,กลุ่มโฆษณา ซองเอกสาร,721927266381,"Dec 20, 2024",Good,1,5%,0%,20,20%,45%,฿0,0%,0,0,0
โรงพิมพ์,กลุ่มโฆษณา ซองเอกสาร,721927266381,"Dec 21, 2024",Good,0,0%,0%,6,50%,66.67%,฿0,0%,0,0,0
โรงพิมพ์,กลุ่มโฆษณา ซองเอกสาร,721927266381,"Dec 22, 2024",Good,0,0%,0%,0,0%,0%,฿0,0%,0,0,0
โรงพิมพ์,กลุ่มโฆษณา ซองเอกสาร,721927266381,"Dec 23, 2024",Good,1,5.26%,0%,19,26.32%,78.95%,฿0,0%,0,0,0
โรงพิมพ์,กลุ่มโฆษณา ซองเอกสาร,721927266381,"Dec 24, 2024",Good,0,0%,0%,20,15%,55%,฿0,0%,0,0,0
โรงพิมพ์,กลุ่มโฆษณา ซองเอกสาร,721927266381,"Dec 25, 2024",Good,2,16.67%,0%,12,16.67%,66.67%,฿0,0%,0,0,0
โรงพิมพ์,กลุ่มโฆษณา ซองเอกสาร,721927266381,"Dec 26, 2024",Good,1,10%,0%,10,20%,80%,฿0,0%,0,0,0
โลกตรายาง,กลุ่มโฆษณา ตรายางครู,534108947400,"Nov 4, 2024",Excellent,0,0%,0%,0,0%,0%,฿0,0%,0,0,0
โลกตรายาง,กลุ่มโฆษณา ตรายางครู,534108947400,"Nov 5, 2024",Excellent,0,0%,0%,13,38.46%,46.15%,฿0,0%,0,0,0
โลกตรายาง,กลุ่มโฆษณา ตรายางครู,534108947400,"Nov 6, 2024",Excellent,1,5%,0%,20,26.32%,68.42%,฿0,0%,0,0,0
โลกตรายาง,กลุ่มโฆษณา ตรายางครู,534108947400,"Nov 7, 2024",Excellent,1,8.33%,0%,12,8.33%,50%,฿0,0%,0,0,0
โลกตรายาง,กลุ่มโฆษณา ตรายางครู,534108947400,"Nov 8, 2024",Excellent,0,0%,0%,14,28.57%,71.43%,฿0,0%,0,0,0
โลกตรายาง,กลุ่มโฆษณา ตรายางครู,534108947400,"Nov 9, 2024",Excellent,1,33.33%,0%,3,33.33%,66.67%,฿0,0%,0,0,0
โลกตรายาง,กลุ่มโฆษณา ตรายางครู,534108947400,"Nov 10, 2024",Excellent,0,0%,0%,0,0%,0%,฿0,0%,0,0,0
โลกตรายาง,กลุ่มโฆษณา ตรายางครู,534108947400,"Nov 11, 2024",Excellent,1,7.14%,0%,14,14.29%,64.29%,฿0,0%,0,0,0
โลกตรายาง,กลุ่มโฆษณา ตรายางครู,534108947400,"Nov 12, 2024",Excellent,0,0%,0%,12,36.36%,100%,฿0,0%,0,0,0
โลกตรายาง,กลุ่มโฆษณา ตรายางครู,534108947400,"Nov 13, 2024",Excellent,0,0%,0%,2,0%,100%,฿0,0%,0,0,0
โลกตรายาง,กลุ่มโฆษณา ตรายางครู,534108947400,"Nov 20, 2024",Excellent,0,0%,0%,0,0%,0%,฿0,0%,0,0,0
โลกตรายาง,กลุ่มโฆษณา ตรายางครู,534108947400,"Nov 21, 2024",Excellent,0,0%,0%,1,100%,100%,฿0,0%,0,0,0
โลกตรายาง,กลุ่มโฆษณา ตรายางครู,534108947400,"Nov 22, 2024",Excellent,0,0%,0%,3,66.67%,66.67%,฿0,0%,0,0,0
โลกตรายาง,กลุ่มโฆษณา ตรายางครู,534108947400,"Nov 23, 2024",Excellent,0,0%,0%,2,50%,50%,฿0,0%,0,0,0
โลกตรายาง,กลุ่มโฆษณา ตรายางครู,534108947400,"Nov 24, 2024",Excellent,0,0%,0%,0,0%,0%,฿0,0%,0,0,0
โลกตรายาง,กลุ่มโฆษณา ตรายางครู,534108947400,"Nov 25, 2024",Excellent,0,0%,0%,6,16.67%,66.67%,฿0,0%,0,0,0
โลกตรายาง,กลุ่มโฆษณา ตรายางครู,534108947400,"Nov 26, 2024",Excellent,0,0%,0%,10,40%,90%,฿0,0%,0,0,0
โลกตรายาง,กลุ่มโฆษณา ตรายางครู,534108947400,"Nov 27, 2024",Excellent,0,0%,0%,13,15.38%,38.46%,฿0,0%,0,0,0
โลกตรายาง,กลุ่มโฆษณา ตรายางครู,534108947400,"Nov 28, 2024",Excellent,1,6.67%,0%,15,33.33%,66.67%,฿0,0%,0,0,0
โลกตรายาง,กลุ่มโฆษณา ตรายางครู,534108947400,"Nov 29, 2024",Excellent,0,0%,0%,7,0%,42.86%,฿0,0%,0,0,0
โลกตรายาง,กลุ่มโฆษณา ตรายางครู,534108947400,"Nov 30, 2024",Excellent,0,0%,0%,2,0%,0%,฿0,0%,0,0,0
โลกตรายาง,กลุ่มโฆษณา ตรายางครู,534108947400,"Dec 5, 2024",Excellent,0,0%,0%,0,0%,0%,฿0,0%,0,0,0
โลกตรายาง,กลุ่มโฆษณา ตรายางครู,534108947400,"Dec 6, 2024",Excellent,0,0%,0%,5,60%,100%,฿0,0%,0,0,0
โลกตรายาง,กลุ่มโฆษณา ตรายางครู,534108947400,"Dec 7, 2024",Excellent,0,0%,0%,9,22.22%,66.67%,฿0,0%,0,0,0
โลกตรายาง,กลุ่มโฆษณา ตรายางครู,534108947400,"Dec 8, 2024",Excellent,0,0%,0%,0,0%,0%,฿0,0%,0,0,0
โลกตรายาง,กลุ่มโฆษณา ตรายางครู,534108947400,"Dec 9, 2024",Excellent,0,0%,0%,6,66.67%,83.33%,฿0,0%,0,0,0
โลกตรายาง,กลุ่มโฆษณา ตรายางครู,534108947400,"Dec 10, 2024",Excellent,0,0%,0%,6,83.33%,83.33%,฿0,0%,0,0,0
โลกตรายาง,กลุ่มโฆษณา ตรายางครู,534108947400,"Dec 11, 2024",Excellent,1,14.29%,0%,7,14.29%,85.71%,฿0,0%,0,0,0
โลกตรายาง,กลุ่มโฆษณา ตรายางครู,534108947400,"Dec 12, 2024",Excellent,1,10%,0%,10,10%,70%,฿0,0%,0,0,0
โลกตรายาง,กลุ่มโฆษณา ตรายางครู,534108947400,"Dec 13, 2024",Excellent,0,0%,0%,8,25%,75%,฿0,0%,0,0,0
โลกตรายาง,กลุ่มโฆษณา ตรายางครู,534108947400,"Dec 14, 2024",Excellent,0,0%,0%,3,33.33%,66.67%,฿0,0%,0,0,0
โลกตรายาง,กลุ่มโฆษณา ตรายางครู,534108947400,"Dec 15, 2024",Excellent,0,0%,0%,0,0%,0%,฿0,0%,0,0,0
โลกตรายาง,กลุ่มโฆษณา ตรายางครู,534108947400,"Dec 16, 2024",Excellent,0,0%,0%,8,0%,87.5%,฿0,0%,0,0,0
โลกตรายาง,กลุ่มโฆษณา ตรายางครู,534108947400,"Dec 17, 2024",Excellent,0,0%,0%,6,16.67%,16.67%,฿0,0%,0,0,0
โลกตรายาง,กลุ่มโฆษณา ตรายางครู,534108947400,"Dec 18, 2024",Excellent,0,0%,0%,4,50%,75%,฿0,0%,0,0,0
โลกตรายาง,กลุ่มโฆษณา ตรายางครู,534108947400,"Dec 19, 2024",Excellent,0,0%,0%,3,0%,0%,฿0,0%,0,0,0
โลกตรายาง,กลุ่มโฆษณา ตรายางครู,534108947400,"Dec 20, 2024",Excellent,0,0%,0%,0,0%,0%,฿0,0%,0,0,0
โลกตรายาง,กลุ่มโฆษณา ตรายางครู,534108947400,"Dec 21, 2024",Excellent,0,0%,0%,3,0%,66.67%,฿0,0%,0,0,0
โลกตรายาง,กลุ่มโฆษณา ตรายางครู,534108947400,"Dec 22, 2024",Excellent,0,0%,0%,0,0%,0%,฿0,0%,0,0,0
โลกตรายาง,กลุ่มโฆษณา ตรายางครู,534108947400,"Dec 23, 2024",Excellent,0,0%,0%,6,33.33%,83.33%,฿0,0%,0,0,0
โลกตรายาง,กลุ่มโฆษณา ตรายางครู,534108947400,"Dec 24, 2024",Excellent,0,0%,0%,1,100%,100%,฿0,0%,0,0,0
โลกตรายาง,กลุ่มโฆษณา ตรายางครู,534108947400,"Dec 25, 2024",Excellent,0,0%,0%,1,0%,100%,฿0,0%,0,0,0
โลกตรายาง,กลุ่มโฆษณา ตรายางครู,534108947400,"Dec 26, 2024",Excellent,0,0%,0%,3,0%,66.67%,฿0,0%,0,0,0
โลกตรายาง,กลุ่มโฆษณา ตรายางตัวเลข,534294522675,"Nov 4, 2024",Good,0,0%,0%,0,0%,0%,฿0,0%,0,0,0
โลกตรายาง,กลุ่มโฆษณา ตรายางตัวเลข,534294522675,"Nov 5, 2024",Good,1,20%,0%,5,40%,60%,฿0,0%,0,0,0
โลกตรายาง,กลุ่มโฆษณา ตรายางตัวเลข,534294522675,"Nov 6, 2024",Good,1,5.56%,0%,18,44.44%,72.22%,฿0,0%,0,0,0
โลกตรายาง,กลุ่มโฆษณา ตรายางตัวเลข,534294522675,"Nov 7, 2024",Good,0,0%,0%,4,0%,25%,฿0,0%,0,0,0
โลกตรายาง,กลุ่มโฆษณา ตรายางตัวเลข,534294522675,"Nov 8, 2024",Good,0,0%,0%,7,14.29%,57.14%,฿0,0%,0,0,0
โลกตรายาง,กลุ่มโฆษณา ตรายางตัวเลข,534294522675,"Nov 9, 2024",Good,0,0%,0%,2,0%,0%,฿0,0%,0,0,0
โลกตรายาง,กลุ่มโฆษณา ตรายางตัวเลข,534294522675,"Nov 10, 2024",Good,0,0%,0%,0,0%,0%,฿0,0%,0,0,0
โลกตรายาง,กลุ่มโฆษณา ตรายางตัวเลข,534294522675,"Nov 11, 2024",Good,0,0%,0%,5,0%,40%,฿0,0%,0,0,0
โลกตรายาง,กลุ่มโฆษณา ตรายางตัวเลข,534294522675,"Nov 12, 2024",Good,0,0%,0%,6,0%,33.33%,฿0,0%,0,0,0
โลกตรายาง,กลุ่มโฆษณา ตรายางตัวเลข,534294522675,"Nov 13, 2024",Good,0,0%,0%,3,0%,0%,฿0,0%,0,0,0
โลกตรายาง,กลุ่มโฆษณา ตรายางตัวเลข,534294522675,"Nov 20, 2024",Good,0,0%,0%,0,0%,0%,฿0,0%,0,0,0
โลกตรายาง,กลุ่มโฆษณา ตรายางตัวเลข,534294522675,"Nov 21, 2024",Good,1,8.33%,100%,12,0%,66.67%,฿9.36,100%,0,0,1
โลกตรายาง,กลุ่มโฆษณา ตรายางตัวเลข,534294522675,"Nov 22, 2024",Good,1,16.67%,0%,6,16.67%,50%,฿0,0%,0,0,0
โลกตรายาง,กลุ่มโฆษณา ตรายางตัวเลข,534294522675,"Nov 23, 2024",Good,0,0%,0%,11,45.45%,90.91%,฿0,0%,0,0,0
โลกตรายาง,กลุ่มโฆษณา ตรายางตัวเลข,534294522675,"Nov 24, 2024",Good,0,0%,0%,0,0%,0%,฿0,0%,0,0,0
โลกตรายาง,กลุ่มโฆษณา ตรายางตัวเลข,534294522675,"Nov 25, 2024",Good,0,0%,0%,9,22.22%,55.56%,฿0,0%,0,0,0
โลกตรายาง,กลุ่มโฆษณา ตรายางตัวเลข,534294522675,"Nov 26, 2024",Good,1,16.67%,0%,6,33.33%,83.33%,฿0,0%,0,0,0
โลกตรายาง,กลุ่มโฆษณา ตรายางตัวเลข,534294522675,"Nov 27, 2024",Good,0,0%,0%,5,0%,40%,฿0,0%,0,0,0
โลกตรายาง,กลุ่มโฆษณา ตรายางตัวเลข,534294522675,"Nov 28, 2024",Good,0,0%,0%,7,28.57%,71.43%,฿0,0%,0,0,0
โลกตรายาง,กลุ่มโฆษณา ตรายางตัวเลข,534294522675,"Nov 29, 2024",Good,0,0%,0%,1,0%,0%,฿0,0%,0,0,0
โลกตรายาง,กลุ่มโฆษณา ตรายางตัวเลข,534294522675,"Dec 5, 2024",Good,0,0%,0%,0,0%,0%,฿0,0%,0,0,0
โลกตรายาง,กลุ่มโฆษณา ตรายางตัวเลข,534294522675,"Dec 6, 2024",Good,0,0%,0%,9,0%,22.22%,฿0,0%,0,0,0
โลกตรายาง,กลุ่มโฆษณา ตรายางตัวเลข,534294522675,"Dec 7, 2024",Good,0,0%,0%,5,0%,80%,฿0,0%,0,0,0
โลกตรายาง,กลุ่มโฆษณา ตรายางตัวเลข,534294522675,"Dec 8, 2024",Good,0,0%,0%,0,0%,0%,฿0,0%,0,0,0
โลกตรายาง,กลุ่มโฆษณา ตรายางตัวเลข,534294522675,"Dec 9, 2024",Good,2,10.53%,0%,19,63.16%,78.95%,฿0,0%,0,0,0
โลกตรายาง,กลุ่มโฆษณา ตรายางตัวเลข,534294522675,"Dec 10, 2024",Good,0,0%,0%,5,0%,20%,฿0,0%,0,0,0
โลกตรายาง,กลุ่มโฆษณา ตรายางตัวเลข,534294522675,"Dec 11, 2024",Good,0,0%,0%,5,0%,20%,฿0,0%,0,0,0
โลกตรายาง,กลุ่มโฆษณา ตรายางตัวเลข,534294522675,"Dec 12, 2024",Good,2,40%,0%,5,40%,60%,฿0,0%,0,0,0
โลกตรายาง,กลุ่มโฆษณา ตรายางตัวเลข,534294522675,"Dec 13, 2024",Good,0,0%,0%,1,0%,100%,฿0,0%,0,0,0
โลกตรายาง,กลุ่มโฆษณา ตรายางตัวเลข,534294522675,"Dec 14, 2024",Good,0,0%,0%,2,0%,50%,฿0,0%,0,0,0
โลกตรายาง,กลุ่มโฆษณา ตรายางตัวเลข,534294522675,"Dec 15, 2024",Good,0,0%,0%,0,0%,0%,฿0,0%,0,0,0
โลกตรายาง,กลุ่มโฆษณา ตรายางตัวเลข,534294522675,"Dec 16, 2024",Good,0,0%,0%,5,0%,40%,฿0,0%,0,0,0
โลกตรายาง,กลุ่มโฆษณา ตรายางตัวเลข,534294522675,"Dec 17, 2024",Good,0,0%,0%,6,0%,33.33%,฿0,0%,0,0,0
โลกตรายาง,กลุ่มโฆษณา ตรายางตัวเลข,534294522675,"Dec 18, 2024",Good,0,0%,0%,1,0%,0%,฿0,0%,0,0,0
โลกตรายาง,กลุ่มโฆษณา ตรายางตัวเลข,534294522675,"Dec 19, 2024",Good,0,0%,0%,4,25%,50%,฿0,0%,0,0,0
โลกตรายาง,กลุ่มโฆษณา ตรายางตัวเลข,534294522675,"Dec 20, 2024",Good,0,0%,0%,2,0%,100%,฿0,0%,0,0,0
โลกตรายาง,กลุ่มโฆษณา ตรายางตัวเลข,534294522675,"Dec 21, 2024",Good,0,0%,0%,2,0%,100%,฿0,0%,0,0,0
โลกตรายาง,กลุ่มโฆษณา ตรายางตัวเลข,534294522675,"Dec 22, 2024",Good,0,0%,0%,0,0%,0%,฿0,0%,0,0,0
โลกตรายาง,กลุ่มโฆษณา ตรายางตัวเลข,534294522675,"Dec 23, 2024",Good,0,0%,0%,4,0%,0%,฿0,0%,0,0,0
โลกตรายาง,กลุ่มโฆษณา ตรายางตัวเลข,534294522675,"Dec 24, 2024",Good,0,0%,0%,4,25%,75%,฿0,0%,0,0,0
โลกตรายาง,กลุ่มโฆษณา ตรายางตัวเลข,534294522675,"Dec 25, 2024",Good,0,0%,0%,2,0%,0%,฿0,0%,0,0,0
โลกตรายาง,กลุ่มโฆษณา ตรายางตัวเลข,534294522675,"Dec 26, 2024",Good,0,0%,0%,2,50%,50%,฿0,0%,0,0,0
โลกตรายาง,กลุ่มโฆษณา ตรายางหมึกในตัว,537295603192,"Nov 4, 2024",Good,0,0%,0%,0,0%,0%,฿0,0%,0,0,0
โลกตรายาง,กลุ่มโฆษณา ตรายางหมึกในตัว,537295603192,"Nov 5, 2024",Good,3,4.69%,0%,64,29.69%,62.5%,฿0,0%,0,0,0
โลกตรายาง,กลุ่มโฆษณา ตรายางหมึกในตัว,537295603192,"Nov 6, 2024",Good,5,7.25%,0%,69,15.94%,56.52%,฿0,0%,0,0,0
โลกตรายาง,กลุ่มโฆษณา ตรายางหมึกในตัว,537295603192,"Nov 7, 2024",Good,0,0%,0%,100,21%,57%,฿0,0%,0,0,0
โลกตรายาง,กลุ่มโฆษณา ตรายางหมึกในตัว,537295603192,"Nov 8, 2024",Good,6,6.98%,0%,86,24.42%,66.28%,฿0,0%,0,0,0
โลกตรายาง,กลุ่มโฆษณา ตรายางหมึกในตัว,537295603192,"Nov 9, 2024",Good,3,11.11%,0%,27,33.33%,59.26%,฿0,0%,0,0,0
โลกตรายาง,กลุ่มโฆษณา ตรายางหมึกในตัว,537295603192,"Nov 10, 2024",Good,0,0%,0%,0,0%,0%,฿0,0%,0,0,0
โลกตรายาง,กลุ่มโฆษณา ตรายางหมึกในตัว,537295603192,"Nov 11, 2024",Good,1,2.13%,0%,47,14.89%,51.06%,฿0,0%,0,0,0
โลกตรายาง,กลุ่มโฆษณา ตรายางหมึกในตัว,537295603192,"Nov 12, 2024",Good,2,2.86%,0%,70,18.57%,45.71%,฿0,0%,0,0,0
โลกตรายาง,กลุ่มโฆษณา ตรายางหมึกในตัว,537295603192,"Nov 13, 2024",Good,3,8.57%,0%,35,20%,45.71%,฿0,0%,0,0,0
โลกตรายาง,กลุ่มโฆษณา ตรายางหมึกในตัว,537295603192,"Nov 20, 2024",Good,0,0%,0%,0,0%,0%,฿0,0%,0,0,0
โลกตรายาง,กลุ่มโฆษณา ตรายางหมึกในตัว,537295603192,"Nov 21, 2024",Good,4,8.33%,0%,48,33.33%,70.83%,฿0,0%,0,0,0
โลกตรายาง,กลุ่มโฆษณา ตรายางหมึกในตัว,537295603192,"Nov 22, 2024",Good,5,7.46%,0%,67,19.4%,62.69%,฿0,0%,0,0,0
โลกตรายาง,กลุ่มโฆษณา ตรายางหมึกในตัว,537295603192,"Nov 23, 2024",Good,6,7.06%,16.67%,85,25.88%,55.29%,฿109.34,16.67%,0,0,1
โลกตรายาง,กลุ่มโฆษณา ตรายางหมึกในตัว,537295603192,"Nov 24, 2024",Good,0,0%,0%,0,0%,0%,฿0,0%,0,0,0
โลกตรายาง,กลุ่มโฆษณา ตรายางหมึกในตัว,537295603192,"Nov 25, 2024",Good,5,5.38%,0%,93,24.73%,56.99%,฿0,0%,0,0,0
โลกตรายาง,กลุ่มโฆษณา ตรายางหมึกในตัว,537295603192,"Nov 26, 2024",Good,9,11.69%,0%,77,23.38%,79.22%,฿0,0%,0,0,0
โลกตรายาง,กลุ่มโฆษณา ตรายางหมึกในตัว,537295603192,"Nov 27, 2024",Good,8,7.62%,0%,105,24.04%,65.38%,฿0,0%,0,0,0
โลกตรายาง,กลุ่มโฆษณา ตรายางหมึกในตัว,537295603192,"Nov 28, 2024",Good,0,0%,0%,91,15.38%,54.95%,฿0,0%,0,0,0
โลกตรายาง,กลุ่มโฆษณา ตรายางหมึกในตัว,537295603192,"Nov 29, 2024",Good,1,2.63%,100%,38,13.16%,57.89%,฿11.58,100%,0,0,1
โลกตรายาง,กลุ่มโฆษณา ตรายางหมึกในตัว,537295603192,"Nov 30, 2024",Good,1,11.11%,0%,9,11.11%,66.67%,฿0,0%,0,0,0
โลกตรายาง,กลุ่มโฆษณา ตรายางหมึกในตัว,537295603192,"Dec 5, 2024",Good,0,0%,0%,0,0%,0%,฿0,0%,0,0,0
โลกตรายาง,กลุ่มโฆษณา ตรายางหมึกในตัว,537295603192,"Dec 6, 2024",Good,2,3.57%,50%,56,12.5%,51.79%,฿40.24,50%,0,0,1
โลกตรายาง,กลุ่มโฆษณา ตรายางหมึกในตัว,537295603192,"Dec 7, 2024",Good,4,10.53%,175%,38,5.26%,42.11%,฿7.15,175%,0,0,7
โลกตรายาง,กลุ่มโฆษณา ตรายางหมึกในตัว,537295603192,"Dec 8, 2024",Good,0,0%,0%,0,0%,0%,฿0,0%,0,0,0
โลกตรายาง,กลุ่มโฆษณา ตรายางหมึกในตัว,537295603192,"Dec 9, 2024",Good,3,3.49%,0%,86,23.26%,60.47%,฿0,0%,0,0,0
โลกตรายาง,กลุ่มโฆษณา ตรายางหมึกในตัว,537295603192,"Dec 10, 2024",Good,5,7.46%,120%,67,25.37%,61.19%,฿13.92,120%,0,0,6
โลกตรายาง,กลุ่มโฆษณา ตรายางหมึกในตัว,537295603192,"Dec 11, 2024",Good,8,8.33%,0%,96,16.67%,58.33%,฿0,0%,0,0,0
โลกตรายาง,กลุ่มโฆษณา ตรายางหมึกในตัว,537295603192,"Dec 12, 2024",Good,10,10.75%,0%,93,25.81%,67.74%,฿0,0%,0,0,0
โลกตรายาง,กลุ่มโฆษณา ตรายางหมึกในตัว,537295603192,"Dec 13, 2024",Good,4,8.7%,0%,46,21.74%,56.52%,฿0,0%,0,0,0
โลกตรายาง,กลุ่มโฆษณา ตรายางหมึกในตัว,537295603192,"Dec 14, 2024",Good,0,0%,0%,24,33.33%,75%,฿0,0%,0,0,0
โลกตรายาง,กลุ่มโฆษณา ตรายางหมึกในตัว,537295603192,"Dec 15, 2024",Good,0,0%,0%,0,0%,0%,฿0,0%,0,0,0
โลกตรายาง,กลุ่มโฆษณา ตรายางหมึกในตัว,537295603192,"Dec 16, 2024",Good,2,2.9%,50%,69,11.59%,55.07%,฿41.92,50%,0,0,1
โลกตรายาง,กลุ่มโฆษณา ตรายางหมึกในตัว,537295603192,"Dec 17, 2024",Good,6,6.52%,0%,92,16.3%,51.09%,฿0,0%,0,0,0
โลกตรายาง,กลุ่มโฆษณา ตรายางหมึกในตัว,537295603192,"Dec 18, 2024",Good,5,9.8%,0%,51,18%,60%,฿0,0%,0,0,0
โลกตรายาง,กลุ่มโฆษณา ตรายางหมึกในตัว,537295603192,"Dec 19, 2024",Good,6,12.24%,0%,49,6.12%,61.22%,฿0,0%,0,0,0
โลกตรายาง,กลุ่มโฆษณา ตรายางหมึกในตัว,537295603192,"Dec 20, 2024",Good,3,7.89%,0%,38,13.16%,57.89%,฿0,0%,0,0,0
โลกตรายาง,กลุ่มโฆษณา ตรายางหมึกในตัว,537295603192,"Dec 21, 2024",Good,0,0%,0%,27,11.11%,62.96%,฿0,0%,0,0,0
โลกตรายาง,กลุ่มโฆษณา ตรายางหมึกในตัว,537295603192,"Dec 22, 2024",Good,0,0%,0%,0,0%,0%,฿0,0%,0,0,0
โลกตรายาง,กลุ่มโฆษณา ตรายางหมึกในตัว,537295603192,"Dec 23, 2024",Good,3,9.38%,0%,32,25%,43.75%,฿0,0%,0,0,0
โลกตรายาง,กลุ่มโฆษณา ตรายางหมึกในตัว,537295603192,"Dec 24, 2024",Good,1,1.56%,0%,64,17.19%,67.19%,฿0,0%,0,0,0
โลกตรายาง,กลุ่มโฆษณา ตรายางหมึกในตัว,537295603192,"Dec 25, 2024",Good,3,6.67%,166.67%,45,22.22%,66.67%,฿11.49,166.67%,0,0,5
โลกตรายาง,กลุ่มโฆษณา ตรายางหมึกในตัว,537295603192,"Dec 26, 2024",Good,1,3.7%,0%,27,25.93%,62.96%,฿0,0%,0,0,0
โรงพิมพ์,กลุ่มโฆษณา บิล,722056468481,"Nov 19, 2024",Good,0,0%,0%,0,0%,0%,฿0,0%,0,0,0
โรงพิมพ์,กลุ่มโฆษณา บิล,722056468481,"Nov 20, 2024",Good,0,0%,0%,19,10.53%,73.68%,฿0,0%,0,0,0
โรงพิมพ์,กลุ่มโฆษณา บิล,722056468481,"Nov 21, 2024",Good,0,0%,0%,13,15.38%,53.85%,฿0,0%,0,0,0
โรงพิมพ์,กลุ่มโฆษณา บิล,722056468481,"Nov 22, 2024",Good,0,0%,0%,9,11.11%,33.33%,฿0,0%,0,0,0
โรงพิมพ์,กลุ่มโฆษณา บิล,722056468481,"Nov 23, 2024",Good,1,4.76%,0%,21,28.57%,85.71%,฿0,0%,0,0,0
โรงพิมพ์,กลุ่มโฆษณา บิล,722056468481,"Nov 24, 2024",Good,0,0%,0%,0,0%,0%,฿0,0%,0,0,0
โรงพิมพ์,กลุ่มโฆษณา บิล,722056468481,"Nov 25, 2024",Good,0,0%,0%,9,11.11%,22.22%,฿0,0%,0,0,0
โรงพิมพ์,กลุ่มโฆษณา บิล,722056468481,"Nov 26, 2024",Good,1,9.09%,0%,11,0%,45.45%,฿0,0%,0,0,0
โรงพิมพ์,กลุ่มโฆษณา บิล,722056468481,"Nov 27, 2024",Good,0,0%,0%,5,0%,40%,฿0,0%,0,0,0
โรงพิมพ์,กลุ่มโฆษณา บิล,722056468481,"Nov 28, 2024",Good,0,0%,0%,17,5.88%,35.29%,฿0,0%,0,0,0
โรงพิมพ์,กลุ่มโฆษณา บิล,722056468481,"Nov 29, 2024",Good,0,0%,0%,6,0%,50%,฿0,0%,0,0,0
โรงพิมพ์,กลุ่มโฆษณา บิล,722056468481,"Nov 30, 2024",Good,0,0%,0%,4,0%,100%,฿0,0%,0,0,0
โรงพิมพ์,กลุ่มโฆษณา บิล,722056468481,"Dec 5, 2024",Good,0,0%,0%,0,0%,0%,฿0,0%,0,0,0
โรงพิมพ์,กลุ่มโฆษณา บิล,722056468481,"Dec 6, 2024",Good,2,12.5%,0%,16,12.5%,43.75%,฿0,0%,0,0,0
โรงพิมพ์,กลุ่มโฆษณา บิล,722056468481,"Dec 7, 2024",Good,4,50%,0%,8,37.5%,87.5%,฿0,0%,0,0,0
โรงพิมพ์,กลุ่มโฆษณา บิล,722056468481,"Dec 8, 2024",Good,0,0%,0%,0,0%,0%,฿0,0%,0,0,0
โรงพิมพ์,กลุ่มโฆษณา บิล,722056468481,"Dec 9, 2024",Good,0,0%,0%,5,0%,20%,฿0,0%,0,0,0
โรงพิมพ์,กลุ่มโฆษณา บิล,722056468481,"Dec 10, 2024",Good,0,0%,0%,13,7.69%,61.54%,฿0,0%,0,0,0
โรงพิมพ์,กลุ่มโฆษณา บิล,722056468481,"Dec 11, 2024",Good,1,12.5%,0%,8,12.5%,50%,฿0,0%,0,0,0
โรงพิมพ์,กลุ่มโฆษณา บิล,722056468481,"Dec 12, 2024",Good,0,0%,0%,5,20%,20%,฿0,0%,0,0,0
โรงพิมพ์,กลุ่มโฆษณา บิล,722056468481,"Dec 13, 2024",Good,0,0%,0%,10,0%,40%,฿0,0%,0,0,0
โรงพิมพ์,กลุ่มโฆษณา บิล,722056468481,"Dec 14, 2024",Good,2,16.67%,0%,12,33.33%,75%,฿0,0%,0,0,0
โรงพิมพ์,กลุ่มโฆษณา บิล,722056468481,"Dec 15, 2024",Good,0,0%,0%,0,0%,0%,฿0,0%,0,0,0
โรงพิมพ์,กลุ่มโฆษณา บิล,722056468481,"Dec 16, 2024",Good,0,0%,0%,5,20%,20%,฿0,0%,0,0,0
โรงพิมพ์,กลุ่มโฆษณา บิล,722056468481,"Dec 17, 2024",Good,0,0%,0%,9,0%,33.33%,฿0,0%,0,0,0
โรงพิมพ์,กลุ่มโฆษณา บิล,722056468481,"Dec 18, 2024",Good,1,10%,0%,10,0%,50%,฿0,0%,0,0,0
โรงพิมพ์,กลุ่มโฆษณา บิล,722056468481,"Dec 19, 2024",Good,1,10%,0%,10,0%,30%,฿0,0%,0,0,0
โรงพิมพ์,กลุ่มโฆษณา บิล,722056468481,"Dec 20, 2024",Good,0,0%,0%,13,0%,61.54%,฿0,0%,0,0,0
โรงพิมพ์,กลุ่มโฆษณา บิล,722056468481,"Dec 21, 2024",Good,0,0%,0%,4,25%,50%,฿0,0%,0,0,0
โรงพิมพ์,กลุ่มโฆษณา บิล,722056468481,"Dec 22, 2024",Good,0,0%,0%,0,0%,0%,฿0,0%,0,0,0
โรงพิมพ์,กลุ่มโฆษณา บิล,722056468481,"Dec 23, 2024",Good,0,0%,0%,15,0%,40%,฿0,0%,0,0,0
โรงพิมพ์,กลุ่มโฆษณา บิล,722056468481,"Dec 24, 2024",Good,1,8.33%,0%,12,8.33%,66.67%,฿0,0%,0,0,0
โรงพิมพ์,กลุ่มโฆษณา บิล,722056468481,"Dec 25, 2024",Good,1,10%,0%,10,10%,60%,฿0,0%,0,0,0
โรงพิมพ์,กลุ่มโฆษณา บิล,722056468481,"Dec 26, 2024",Good,1,8.33%,0%,12,8.33%,75%,฿0,0%,0,0,0
โรงพิมพ์,กลุ่มโฆษณา ปฏิทินจีน,548923114034,"Nov 4, 2024",Good,0,0%,0%,0,0%,0%,฿0,0%,0,0,0
โรงพิมพ์,กลุ่มโฆษณา ปฏิทินจีน,548923114034,"Nov 5, 2024",Good,0,0%,0%,2,100%,100%,฿0,0%,0,0,0
โรงพิมพ์,กลุ่มโฆษณา ปฏิทินจีน,548923114034,"Nov 6, 2024",Good,8,44.44%,0%,18,33.33%,66.67%,฿0,0%,0,0,0
โรงพิมพ์,กลุ่มโฆษณา ปฏิทินจีน,548923114034,"Nov 7, 2024",Good,0,0%,0%,14,28.57%,85.71%,฿0,0%,0,0,0
โรงพิมพ์,กลุ่มโฆษณา ปฏิทินจีน,548923114034,"Nov 8, 2024",Good,3,17.65%,0%,17,29.41%,82.35%,฿0,0%,0,0,0
โรงพิมพ์,กลุ่มโฆษณา ปฏิทินจีน,548923114034,"Nov 9, 2024",Good,3,23.08%,0%,13,30.77%,69.23%,฿0,0%,0,0,0
โรงพิมพ์,กลุ่มโฆษณา ปฏิทินจีน,548923114034,"Nov 10, 2024",Good,0,0%,0%,0,0%,0%,฿0,0%,0,0,0
โรงพิมพ์,กลุ่มโฆษณา ปฏิทินจีน,548923114034,"Nov 11, 2024",Good,2,16.67%,50%,12,16.67%,58.33%,฿48.73,50%,0,0,1
โรงพิมพ์,กลุ่มโฆษณา ปฏิทินจีน,548923114034,"Nov 12, 2024",Good,2,11.11%,0%,18,27.78%,66.67%,฿0,0%,0,0,0
โรงพิมพ์,กลุ่มโฆษณา ปฏิทินจีน,548923114034,"Nov 13, 2024",Good,1,16.67%,0%,6,16.67%,83.33%,฿0,0%,0,0,0
โรงพิมพ์,กลุ่มโฆษณา ปฏิทินจีน,548923114034,"Nov 19, 2024",Good,0,0%,0%,0,0%,0%,฿0,0%,0,0,0
โรงพิมพ์,กลุ่มโฆษณา ปฏิทินจีน,548923114034,"Nov 20, 2024",Good,0,0%,0%,4,0%,75%,฿0,0%,0,0,0
โรงพิมพ์,กลุ่มโฆษณา ปฏิทินจีน,548923114034,"Nov 21, 2024",Good,0,0%,0%,7,0%,28.57%,฿0,0%,0,0,0
โรงพิมพ์,กลุ่มโฆษณา ปฏิทินจีน,548923114034,"Nov 22, 2024",Good,1,20%,0%,5,20%,40%,฿0,0%,0,0,0
โรงพิมพ์,กลุ่มโฆษณา ปฏิทินจีน,548923114034,"Nov 23, 2024",Good,0,0%,0%,5,0%,0%,฿0,0%,0,0,0
โรงพิมพ์,กลุ่มโฆษณา ปฏิทินจีน,548923114034,"Nov 24, 2024",Good,0,0%,0%,0,0%,0%,฿0,0%,0,0,0
โรงพิมพ์,กลุ่มโฆษณา ปฏิทินจีน,548923114034,"Nov 25, 2024",Good,0,0%,0%,4,25%,100%,฿0,0%,0,0,0
โรงพิมพ์,กลุ่มโฆษณา ปฏิทินจีน,548923114034,"Nov 26, 2024",Good,0,0%,0%,3,0%,33.33%,฿0,0%,0,0,0
โรงพิมพ์,กลุ่มโฆษณา ปฏิทินจีน,548923114034,"Nov 27, 2024",Good,0,0%,0%,8,12.5%,62.5%,฿0,0%,0,0,0
โรงพิมพ์,กลุ่มโฆษณา ปฏิทินจีน,548923114034,"Nov 28, 2024",Good,1,16.67%,0%,6,0%,33.33%,฿0,0%,0,0,0
โรงพิมพ์,กลุ่มโฆษณา ปฏิทินจีน,548923114034,"Nov 29, 2024",Good,3,25%,0%,12,16.67%,66.67%,฿0,0%,0,0,0
โรงพิมพ์,กลุ่มโฆษณา ปฏิทินจีน,548923114034,"Nov 30, 2024",Good,0,0%,0%,1,100%,100%,฿0,0%,0,0,0
โรงพิมพ์,กลุ่มโฆษณา ปฏิทินจีน,548923114034,"Dec 5, 2024",Good,0,0%,0%,0,0%,0%,฿0,0%,0,0,0
โรงพิมพ์,กลุ่มโฆษณา ปฏิทินจีน,548923114034,"Dec 6, 2024",Good,2,18.18%,0%,11,27.27%,63.64%,฿0,0%,0,0,0
โรงพิมพ์,กลุ่มโฆษณา ปฏิทินจีน,548923114034,"Dec 7, 2024",Good,1,33.33%,0%,3,33.33%,66.67%,฿0,0%,0,0,0
โรงพิมพ์,กลุ่มโฆษณา ปฏิทินจีน,548923114034,"Dec 8, 2024",Good,0,0%,0%,0,0%,0%,฿0,0%,0,0,0
โรงพิมพ์,กลุ่มโฆษณา ปฏิทินจีน,548923114034,"Dec 9, 2024",Good,1,14.29%,0%,7,14.29%,42.86%,฿0,0%,0,0,0
โรงพิมพ์,กลุ่มโฆษณา ปฏิทินจีน,548923114034,"Dec 10, 2024",Good,2,33.33%,0%,6,16.67%,83.33%,฿0,0%,0,0,0
โรงพิมพ์,กลุ่มโฆษณา ปฏิทินจีน,548923114034,"Dec 11, 2024",Good,0,0%,0%,14,14.29%,64.29%,฿0,0%,0,0,0
โรงพิมพ์,กลุ่มโฆษณา ปฏิทินจีน,548923114034,"Dec 12, 2024",Good,3,42.86%,0%,7,14.29%,57.14%,฿0,0%,0,0,0
โรงพิมพ์,กลุ่มโฆษณา ปฏิทินจีน,548923114034,"Dec 13, 2024",Good,0,0%,0%,4,25%,100%,฿0,0%,0,0,0
โรงพิมพ์,กลุ่มโฆษณา ปฏิทินจีน,548923114034,"Dec 15, 2024",Good,0,0%,0%,0,0%,0%,฿0,0%,0,0,0
โรงพิมพ์,กลุ่มโฆษณา ปฏิทินจีน,548923114034,"Dec 16, 2024",Good,3,25%,0%,12,16.67%,58.33%,฿0,0%,0,0,0
โรงพิมพ์,กลุ่มโฆษณา ปฏิทินจีน,548923114034,"Dec 17, 2024",Good,0,0%,0%,3,0%,66.67%,฿0,0%,0,0,0
โรงพิมพ์,กลุ่มโฆษณา ปฏิทินจีน,548923114034,"Dec 18, 2024",Good,0,0%,0%,5,20%,60%,฿0,0%,0,0,0
โรงพิมพ์,กลุ่มโฆษณา ปฏิทินจีน,548923114034,"Dec 19, 2024",Good,1,12.5%,0%,8,0%,62.5%,฿0,0%,0,0,0
โรงพิมพ์,กลุ่มโฆษณา ปฏิทินจีน,548923114034,"Dec 20, 2024",Good,3,27.27%,33.33%,11,9.09%,54.55%,฿64.29,33.33%,0,0,1
โรงพิมพ์,กลุ่มโฆษณา ปฏิทินจีน,548923114034,"Dec 21, 2024",Good,0,0%,0%,3,33.33%,66.67%,฿0,0%,0,0,0
โรงพิมพ์,กลุ่มโฆษณา ปฏิทินจีน,548923114034,"Dec 22, 2024",Good,0,0%,0%,0,0%,0%,฿0,0%,0,0,0
โรงพิมพ์,กลุ่มโฆษณา ปฏิทินจีน,548923114034,"Dec 23, 2024",Good,0,0%,0%,6,0%,66.67%,฿0,0%,0,0,0
โรงพิมพ์,กลุ่มโฆษณา ปฏิทินจีน,548923114034,"Dec 24, 2024",Good,1,16.67%,0%,6,33.33%,100%,฿0,0%,0,0,0
โรงพิมพ์,กลุ่มโฆษณา ปฏิทินจีน,548923114034,"Dec 25, 2024",Good,2,33.33%,0%,6,16.67%,50%,฿0,0%,0,0,0
โรงพิมพ์,กลุ่มโฆษณา ปฏิทินจีน,548923114034,"Dec 26, 2024",Good,1,11.11%,0%,9,44.44%,77.78%,฿0,0%,0,0,0
โรงพิมพ์,กลุ่มโฆษณา ปฏิทินตั้งโต๊ะ,675851909024,"Nov 4, 2024",Excellent,0,0%,0%,0,0%,0%,฿0,0%,0,0,0
โรงพิมพ์,กลุ่มโฆษณา ปฏิทินตั้งโต๊ะ,675851909024,"Nov 5, 2024",Excellent,8,25.81%,0%,31,51.61%,93.55%,฿0,0%,0,0,0
โรงพิมพ์,กลุ่มโฆษณา ปฏิทินตั้งโต๊ะ,675851909024,"Nov 6, 2024",Excellent,29,12.08%,0%,240,15.83%,67.5%,฿0,0%,0,0,0
โรงพิมพ์,กลุ่มโฆษณา ปฏิทินตั้งโต๊ะ,675851909024,"Nov 7, 2024",Excellent,16,10.32%,6.25%,155,18.71%,64.52%,฿539.61,6.25%,0,0,1
โรงพิมพ์,กลุ่มโฆษณา ปฏิทินตั้งโต๊ะ,675851909024,"Nov 8, 2024",Excellent,14,14.43%,7.14%,97,11.34%,56.7%,฿280.81,7.14%,0,0,1
โรงพิมพ์,กลุ่มโฆษณา ปฏิทินตั้งโต๊ะ,675851909024,"Nov 9, 2024",Excellent,4,10%,50%,40,37.5%,70%,฿144.79,50%,0,0,2
โรงพิมพ์,กลุ่มโฆษณา ปฏิทินตั้งโต๊ะ,675851909024,"Nov 10, 2024",Excellent,0,0%,0%,0,0%,0%,฿0,0%,0,0,0
โรงพิมพ์,กลุ่มโฆษณา ปฏิทินตั้งโต๊ะ,675851909024,"Nov 11, 2024",Excellent,14,14.29%,0%,98,6.12%,45.92%,฿0,0%,0,0,0
โรงพิมพ์,กลุ่มโฆษณา ปฏิทินตั้งโต๊ะ,675851909024,"Nov 12, 2024",Excellent,12,10.71%,8.33%,112,6.25%,41.07%,฿381.43,8.33%,0,0,1
โรงพิมพ์,กลุ่มโฆษณา ปฏิทินตั้งโต๊ะ,675851909024,"Nov 13, 2024",Excellent,4,6.9%,25%,58,10.34%,48.28%,฿122.75,25%,0,0,1
โรงพิมพ์,กลุ่มโฆษณา ปฏิทินตั้งโต๊ะ,675851909024,"Nov 19, 2024",Excellent,6,21.43%,0%,28,42.86%,78.57%,฿0,0%,0,0,0
โรงพิมพ์,กลุ่มโฆษณา ปฏิทินตั้งโต๊ะ,675851909024,"Nov 20, 2024",Excellent,9,10.11%,0%,89,5.62%,48.31%,฿0,0%,0,0,0
โรงพิมพ์,กลุ่มโฆษณา ปฏิทินตั้งโต๊ะ,675851909024,"Nov 21, 2024",Excellent,8,9.88%,0%,81,6.17%,44.44%,฿0,0%,0,0,0
โรงพิมพ์,กลุ่มโฆษณา ปฏิทินตั้งโต๊ะ,675851909024,"Nov 22, 2024",Excellent,5,8.77%,0%,57,5.26%,56.14%,฿0,0%,0,0,0
โรงพิมพ์,กลุ่มโฆษณา ปฏิทินตั้งโต๊ะ,675851909024,"Nov 23, 2024",Excellent,10,28.57%,20%,35,20%,68.57%,฿114.12,20%,0,0,2
โรงพิมพ์,กลุ่มโฆษณา ปฏิทินตั้งโต๊ะ,675851909024,"Nov 24, 2024",Excellent,0,0%,0%,0,0%,0%,฿0,0%,0,0,0
โรงพิมพ์,กลุ่มโฆษณา ปฏิทินตั้งโต๊ะ,675851909024,"Nov 25, 2024",Excellent,5,15.63%,0%,32,3.13%,40.63%,฿0,0%,0,0,0
โรงพิมพ์,กลุ่มโฆษณา ปฏิทินตั้งโต๊ะ,675851909024,"Nov 26, 2024",Excellent,5,10.87%,0%,46,6.52%,36.96%,฿0,0%,0,0,0
โรงพิมพ์,กลุ่มโฆษณา ปฏิทินตั้งโต๊ะ,675851909024,"Nov 27, 2024",Excellent,6,8.45%,0%,71,8.45%,45.07%,฿0,0%,0,0,0
โรงพิมพ์,กลุ่มโฆษณา ปฏิทินตั้งโต๊ะ,675851909024,"Nov 28, 2024",Excellent,6,7.79%,16.67%,77,5.19%,29.87%,฿112.31,16.67%,0,0,1
โรงพิมพ์,กลุ่มโฆษณา ปฏิทินตั้งโต๊ะ,675851909024,"Nov 29, 2024",Excellent,9,11.69%,11.11%,77,10.39%,45.45%,฿172.81,11.11%,0,0,1
โรงพิมพ์,กลุ่มโฆษณา ปฏิทินตั้งโต๊ะ,675851909024,"Nov 30, 2024",Excellent,1,6.25%,0%,16,18.75%,81.25%,฿0,0%,0,0,0
โรงพิมพ์,กลุ่มโฆษณา ปฏิทินตั้งโต๊ะ,675851909024,"Dec 5, 2024",Excellent,0,0%,0%,0,0%,0%,฿0,0%,0,0,0
โรงพิมพ์,กลุ่มโฆษณา ปฏิทินตั้งโต๊ะ,675851909024,"Dec 6, 2024",Excellent,13,9.29%,15.38%,140,13.57%,56.43%,฿159.65,15.38%,0,0,2
โรงพิมพ์,กลุ่มโฆษณา ปฏิทินตั้งโต๊ะ,675851909024,"Dec 7, 2024",Excellent,9,14.75%,11.11%,61,21.31%,72.13%,฿263.41,11.11%,0,0,1
โรงพิมพ์,กลุ่มโฆษณา ปฏิทินตั้งโต๊ะ,675851909024,"Dec 8, 2024",Excellent,0,0%,0%,0,0%,0%,฿0,0%,0,0,0
โรงพิมพ์,กลุ่มโฆษณา ปฏิทินตั้งโต๊ะ,675851909024,"Dec 9, 2024",Excellent,17,15.45%,0%,110,16.36%,60.91%,฿0,0%,0,0,0
โรงพิมพ์,กลุ่มโฆษณา ปฏิทินตั้งโต๊ะ,675851909024,"Dec 10, 2024",Excellent,13,10.66%,0%,122,11.48%,54.1%,฿0,0%,0,0,0
โรงพิมพ์,กลุ่มโฆษณา ปฏิทินตั้งโต๊ะ,675851909024,"Dec 11, 2024",Excellent,8,6.5%,0%,123,12.2%,42.28%,฿0,0%,0,0,0
โรงพิมพ์,กลุ่มโฆษณา ปฏิทินตั้งโต๊ะ,675851909024,"Dec 12, 2024",Excellent,4,5.71%,0%,70,4.29%,37.14%,฿0,0%,0,0,0
โรงพิมพ์,กลุ่มโฆษณา ปฏิทินตั้งโต๊ะ,675851909024,"Dec 13, 2024",Excellent,9,8.65%,0%,104,14.42%,47.12%,฿0,0%,0,0,0
โรงพิมพ์,กลุ่มโฆษณา ปฏิทินตั้งโต๊ะ,675851909024,"Dec 14, 2024",Excellent,10,25.64%,0%,39,38.46%,71.79%,฿0,0%,0,0,0
โรงพิมพ์,กลุ่มโฆษณา ปฏิทินตั้งโต๊ะ,675851909024,"Dec 15, 2024",Excellent,0,0%,0%,0,0%,0%,฿0,0%,0,0,0
โรงพิมพ์,กลุ่มโฆษณา ปฏิทินตั้งโต๊ะ,675851909024,"Dec 16, 2024",Excellent,5,7.58%,0%,66,10.61%,50%,฿0,0%,0,0,0
โรงพิมพ์,กลุ่มโฆษณา ปฏิทินตั้งโต๊ะ,675851909024,"Dec 17, 2024",Excellent,5,7.14%,0%,70,12.86%,52.86%,฿0,0%,0,0,0
โรงพิมพ์,กลุ่มโฆษณา ปฏิทินตั้งโต๊ะ,675851909024,"Dec 18, 2024",Excellent,5,8.33%,0%,60,16.67%,56.67%,฿0,0%,0,0,0
โรงพิมพ์,กลุ่มโฆษณา ปฏิทินตั้งโต๊ะ,675851909024,"Dec 19, 2024",Excellent,3,4.29%,0%,70,14.29%,52.86%,฿0,0%,0,0,0
โรงพิมพ์,กลุ่มโฆษณา ปฏิทินตั้งโต๊ะ,675851909024,"Dec 20, 2024",Excellent,5,8.77%,0%,57,14.04%,59.65%,฿0,0%,0,0,0
โรงพิมพ์,กลุ่มโฆษณา ปฏิทินตั้งโต๊ะ,675851909024,"Dec 21, 2024",Excellent,3,8.33%,0%,36,25%,55.56%,฿0,0%,0,0,0
โรงพิมพ์,กลุ่มโฆษณา ปฏิทินตั้งโต๊ะ,675851909024,"Dec 22, 2024",Excellent,0,0%,0%,0,0%,0%,฿0,0%,0,0,0
โรงพิมพ์,กลุ่มโฆษณา ปฏิทินตั้งโต๊ะ,675851909024,"Dec 23, 2024",Excellent,4,8.51%,0%,47,12.77%,46.81%,฿0,0%,0,0,0
โรงพิมพ์,กลุ่มโฆษณา ปฏิทินตั้งโต๊ะ,675851909024,"Dec 24, 2024",Excellent,6,9.38%,33.33%,64,12.5%,50%,฿48.47,33.33%,0,0,2
โรงพิมพ์,กลุ่มโฆษณา ปฏิทินตั้งโต๊ะ,675851909024,"Dec 25, 2024",Excellent,7,24.14%,0%,29,13.79%,48.28%,฿0,0%,0,0,0
โรงพิมพ์,กลุ่มโฆษณา ปฏิทินตั้งโต๊ะ,675851909024,"Dec 26, 2024",Excellent,2,3.57%,0%,56,1.79%,39.29%,฿0,0%,0,0,0
โรงพิมพ์,กลุ่มโฆษณา สมุดคู่ฝาก,721969923577,"Nov 19, 2024",Good,0,0%,0%,0,0%,0%,฿0,0%,0,0,0
โรงพิมพ์,กลุ่มโฆษณา สมุดคู่ฝาก,721969923577,"Nov 20, 2024",Good,0,0%,0%,1,0%,0%,฿0,0%,0,0,0
โรงพิมพ์,กลุ่มโฆษณา สมุดคู่ฝาก,721969923577,"Nov 21, 2024",Good,1,100%,0%,1,0%,100%,฿0,0%,0,0,0
โรงพิมพ์,กลุ่มโฆษณา สมุดคู่ฝาก,721969923577,"Nov 24, 2024",Good,0,0%,0%,0,0%,0%,฿0,0%,0,0,0
โรงพิมพ์,กลุ่มโฆษณา สมุดคู่ฝาก,721969923577,"Nov 25, 2024",Good,0,0%,0%,3,0%,33.33%,฿0,0%,0,0,0
โรงพิมพ์,กลุ่มโฆษณา สมุดคู่ฝาก,721969923577,"Nov 26, 2024",Good,0,0%,0%,1,0%,0%,฿0,0%,0,0,0
โรงพิมพ์,กลุ่มโฆษณา สมุดคู่ฝาก,721969923577,"Nov 27, 2024",Good,0,0%,0%,1,0%,0%,฿0,0%,0,0,0
โรงพิมพ์,กลุ่มโฆษณา สมุดคู่ฝาก,721969923577,"Nov 28, 2024",Good,1,50%,0%,2,100%,100%,฿0,0%,0,0,0
โรงพิมพ์,กลุ่มโฆษณา สมุดคู่ฝาก,721969923577,"Dec 9, 2024",Good,0,0%,0%,0,0%,0%,฿0,0%,0,0,0
โรงพิมพ์,กลุ่มโฆษณา สมุดคู่ฝาก,721969923577,"Dec 10, 2024",Good,0,0%,0%,1,0%,0%,฿0,0%,0,0,0
โรงพิมพ์,กลุ่มโฆษณา สมุดคู่ฝาก,721969923577,"Dec 22, 2024",Good,0,0%,0%,0,0%,0%,฿0,0%,0,0,0
โรงพิมพ์,กลุ่มโฆษณา สมุดคู่ฝาก,721969923577,"Dec 23, 2024",Good,0,0%,0%,1,0%,0%,฿0,0%,0,0,0
โรงพิมพ์,กลุ่มโฆษณา สมุดคู่ฝาก,721969923577,"Dec 25, 2024",Good,0,0%,0%,1,0%,0%,฿0,0%,0,0,0
โรงพิมพ์,กลุ่มโฆษณา สมุดคู่ฝาก,721969923577,"Dec 26, 2024",Good,0,0%,0%,1,0%,0%,฿0,0%,0,0,0
โรงพิมพ์,กลุ่มโฆษณา โรงพิมพ์,394615399800,"Nov 4, 2024",Good,0,0%,0%,0,0%,0%,฿0,0%,0,0,0
โรงพิมพ์,กลุ่มโฆษณา โรงพิมพ์,394615399800,"Nov 5, 2024",Good,20,8.85%,5%,226,25.33%,73.78%,฿849.11,5%,0,0,1
โรงพิมพ์,กลุ่มโฆษณา ใบOPD,721963527100,"Nov 20, 2024",Good,0,0%,0%,0,0%,0%,฿0,0%,0,0,0
โรงพิมพ์,กลุ่มโฆษณา ใบOPD,721963527100,"Nov 21, 2024",Good,0,0%,0%,1,100%,100%,฿0,0%,0,0,0
โรงพิมพ์,กลุ่มโฆษณา ใบOPD,721963527100,"Nov 22, 2024",Good,0,0%,0%,0,0%,0%,฿0,0%,0,0,0
โรงพิมพ์,กลุ่มโฆษณา ใบOPD,721963527100,"Nov 23, 2024",Good,0,0%,0%,1,0%,0%,฿0,0%,0,0,0
โรงพิมพ์,กลุ่มโฆษณา ใบOPD,721963527100,"Nov 24, 2024",Good,0,0%,0%,0,0%,0%,฿0,0%,0,0,0
โรงพิมพ์,กลุ่มโฆษณา ใบOPD,721963527100,"Nov 25, 2024",Good,2,66.67%,0%,3,100%,100%,฿0,0%,0,0,0
โรงพิมพ์,กลุ่มโฆษณา ใบOPD,721963527100,"Nov 26, 2024",Good,1,50%,100%,2,50%,100%,฿55.87,100%,0,0,1
โรงพิมพ์,กลุ่มโฆษณา ใบOPD,721963527100,"Nov 27, 2024",Good,0,0%,0%,1,100%,100%,฿0,0%,0,0,0
โรงพิมพ์,กลุ่มโฆษณา ใบOPD,721963527100,"Nov 28, 2024",Good,0,0%,0%,0,0%,0%,฿0,0%,0,0,0
โรงพิมพ์,กลุ่มโฆษณา ใบOPD,721963527100,"Nov 29, 2024",Good,0,0%,0%,5,20%,40%,฿0,0%,0,0,0
โรงพิมพ์,กลุ่มโฆษณา ใบOPD,721963527100,"Dec 5, 2024",Good,0,0%,0%,0,0%,0%,฿0,0%,0,0,0
โรงพิมพ์,กลุ่มโฆษณา ใบOPD,721963527100,"Dec 6, 2024",Good,1,11.11%,0%,9,77.78%,77.78%,฿0,0%,0,0,0
โรงพิมพ์,กลุ่มโฆษณา ใบOPD,721963527100,"Dec 8, 2024",Good,0,0%,0%,0,0%,0%,฿0,0%,0,0,0
โรงพิมพ์,กลุ่มโฆษณา ใบOPD,721963527100,"Dec 9, 2024",Good,0,0%,0%,3,66.67%,66.67%,฿0,0%,0,0,0
โรงพิมพ์,กลุ่มโฆษณา ใบOPD,721963527100,"Dec 10, 2024",Good,1,33.33%,0%,3,100%,100%,฿0,0%,0,0,0
โรงพิมพ์,กลุ่มโฆษณา ใบOPD,721963527100,"Dec 11, 2024",Good,1,25%,0%,4,25%,75%,฿0,0%,0,0,0
โรงพิมพ์,กลุ่มโฆษณา ใบOPD,721963527100,"Dec 12, 2024",Good,0,0%,0%,0,0%,0%,฿0,0%,0,0,0
โรงพิมพ์,กลุ่มโฆษณา ใบOPD,721963527100,"Dec 13, 2024",Good,0,0%,0%,1,100%,100%,฿0,0%,0,0,0
โรงพิมพ์,กลุ่มโฆษณา ใบOPD,721963527100,"Dec 14, 2024",Good,0,0%,0%,5,60%,60%,฿0,0%,0,0,0
โรงพิมพ์,กลุ่มโฆษณา ใบOPD,721963527100,"Dec 16, 2024",Good,0,0%,0%,3,33.33%,33.33%,฿0,0%,0,0,0
โรงพิมพ์,กลุ่มโฆษณา ใบOPD,721963527100,"Dec 17, 2024",Good,0,0%,0%,1,0%,0%,฿0,0%,0,0,0
โรงพิมพ์,กลุ่มโฆษณา ใบOPD,721963527100,"Dec 18, 2024",Good,4,66.67%,25%,6,83.33%,83.33%,฿74.38,25%,0,0,1
โรงพิมพ์,กลุ่มโฆษณา ใบOPD,721963527100,"Dec 19, 2024",Good,1,16.67%,0%,6,50%,83.33%,฿0,0%,0,0,0
โรงพิมพ์,กลุ่มโฆษณา ใบOPD,721963527100,"Dec 22, 2024",Good,0,0%,0%,0,0%,0%,฿0,0%,0,0,0
โรงพิมพ์,กลุ่มโฆษณา ใบOPD,721963527100,"Dec 23, 2024",Good,0,0%,0%,1,0%,0%,฿0,0%,0,0,0
โรงพิมพ์,กลุ่มโฆษณา ใบOPD,721963527100,"Dec 24, 2024",Good,0,0%,0%,1,0%,100%,฿0,0%,0,0,0
โรงพิมพ์,กลุ่มโฆษณา ใบOPD,721963527100,"Dec 25, 2024",Good,0,0%,0%,1,100%,100%,฿0,0%,0,0,0
โรงพิมพ์,กลุ่มโฆษณา ใบOPD,721963527100,"Dec 26, 2024",Good,0,0%,0%,4,0%,50%,฿0,0%,0,0,0
โลกตรายาง,กลุ่มโฆษณาตรายางปั้มชื่อ ตำแหนง ลายเซ็น,534042241565,"Nov 4, 2024",Excellent,0,0%,0%,0,0%,0%,฿0,0%,0,0,0
โลกตรายาง,กลุ่มโฆษณาตรายางปั้มชื่อ ตำแหนง ลายเซ็น,534042241565,"Nov 5, 2024",Excellent,7,9.46%,14.29%,74,40.54%,79.73%,฿173.85,14.29%,0,0,1
โลกตรายาง,กลุ่มโฆษณาตรายางปั้มชื่อ ตำแหนง ลายเซ็น,534042241565,"Nov 6, 2024",Excellent,7,5.93%,0%,118,32.2%,72.88%,฿0,0%,0,0,0
โลกตรายาง,กลุ่มโฆษณาตรายางปั้มชื่อ ตำแหนง ลายเซ็น,534042241565,"Nov 7, 2024",Excellent,6,6.52%,0%,92,26.09%,79.35%,฿0,0%,0,0,0
โลกตรายาง,กลุ่มโฆษณาตรายางปั้มชื่อ ตำแหนง ลายเซ็น,534042241565,"Nov 8, 2024",Excellent,5,7.69%,0%,65,26.15%,78.46%,฿0,0%,0,0,0
โลกตรายาง,กลุ่มโฆษณาตรายางปั้มชื่อ ตำแหนง ลายเซ็น,534042241565,"Nov 9, 2024",Excellent,1,3.57%,0%,28,53.57%,78.57%,฿0,0%,0,0,0
โลกตรายาง,กลุ่มโฆษณาตรายางปั้มชื่อ ตำแหนง ลายเซ็น,534042241565,"Nov 10, 2024",Excellent,0,0%,0%,0,0%,0%,฿0,0%,0,0,0
โลกตรายาง,กลุ่มโฆษณาตรายางปั้มชื่อ ตำแหนง ลายเซ็น,534042241565,"Nov 11, 2024",Excellent,7,8.43%,0%,83,14.46%,67.47%,฿0,0%,0,0,0
โลกตรายาง,กลุ่มโฆษณาตรายางปั้มชื่อ ตำแหนง ลายเซ็น,534042241565,"Nov 12, 2024",Excellent,5,7.58%,20%,66,15.15%,53.03%,฿133.29,20%,0,0,1
โลกตรายาง,กลุ่มโฆษณาตรายางปั้มชื่อ ตำแหนง ลายเซ็น,534042241565,"Nov 13, 2024",Excellent,2,4.35%,0%,46,17.39%,63.04%,฿0,0%,0,0,0
โลกตรายาง,กลุ่มโฆษณาตรายางปั้มชื่อ ตำแหนง ลายเซ็น,534042241565,"Nov 20, 2024",Excellent,0,0%,0%,0,0%,0%,฿0,0%,0,0,0
โลกตรายาง,กลุ่มโฆษณาตรายางปั้มชื่อ ตำแหนง ลายเซ็น,534042241565,"Nov 21, 2024",Excellent,6,7.59%,0%,79,20.25%,58.23%,฿0,0%,0,0,0
โลกตรายาง,กลุ่มโฆษณาตรายางปั้มชื่อ ตำแหนง ลายเซ็น,534042241565,"Nov 22, 2024",Excellent,7,4.55%,0%,154,18.83%,67.53%,฿0,0%,0,0,0
โลกตรายาง,กลุ่มโฆษณาตรายางปั้มชื่อ ตำแหนง ลายเซ็น,534042241565,"Nov 23, 2024",Excellent,8,8.51%,12.5%,94,34.04%,63.83%,฿237.75,12.5%,0,0,1
โลกตรายาง,กลุ่มโฆษณาตรายางปั้มชื่อ ตำแหนง ลายเซ็น,534042241565,"Nov 24, 2024",Excellent,0,0%,0%,0,0%,0%,฿0,0%,0,0,0
โลกตรายาง,กลุ่มโฆษณาตรายางปั้มชื่อ ตำแหนง ลายเซ็น,534042241565,"Nov 25, 2024",Excellent,9,7.69%,0%,117,20.51%,68.38%,฿0,0%,0,0,0
โลกตรายาง,กลุ่มโฆษณาตรายางปั้มชื่อ ตำแหนง ลายเซ็น,534042241565,"Nov 26, 2024",Excellent,8,5.26%,0%,152,13.82%,69.74%,฿0,0%,0,0,0
โลกตรายาง,กลุ่มโฆษณาตรายางปั้มชื่อ ตำแหนง ลายเซ็น,534042241565,"Nov 27, 2024",Excellent,14,7.22%,0%,194,9.79%,59.79%,฿0,0%,0,0,0
โลกตรายาง,กลุ่มโฆษณาตรายางปั้มชื่อ ตำแหนง ลายเซ็น,534042241565,"Nov 28, 2024",Excellent,7,4.27%,0%,164,21.95%,70.73%,฿0,0%,0,0,0
โลกตรายาง,กลุ่มโฆษณาตรายางปั้มชื่อ ตำแหนง ลายเซ็น,534042241565,"Nov 29, 2024",Excellent,8,9.76%,0%,82,7.32%,51.22%,฿0,0%,0,0,0
โลกตรายาง,กลุ่มโฆษณาตรายางปั้มชื่อ ตำแหนง ลายเซ็น,534042241565,"Nov 30, 2024",Excellent,0,0%,0%,11,9.09%,45.45%,฿0,0%,0,0,0
โลกตรายาง,กลุ่มโฆษณาตรายางปั้มชื่อ ตำแหนง ลายเซ็น,534042241565,"Dec 5, 2024",Excellent,0,0%,0%,0,0%,0%,฿0,0%,0,0,0
โลกตรายาง,กลุ่มโฆษณาตรายางปั้มชื่อ ตำแหนง ลายเซ็น,534042241565,"Dec 6, 2024",Excellent,7,4.61%,0%,152,22.37%,52.63%,฿0,0%,0,0,0
โลกตรายาง,กลุ่มโฆษณาตรายางปั้มชื่อ ตำแหนง ลายเซ็น,534042241565,"Dec 7, 2024",Excellent,10,11.11%,20%,90,22.22%,58.89%,฿89.56,20%,0,0,2
โลกตรายาง,กลุ่มโฆษณาตรายางปั้มชื่อ ตำแหนง ลายเซ็น,534042241565,"Dec 8, 2024",Excellent,0,0%,0%,0,0%,0%,฿0,0%,0,0,0
โลกตรายาง,กลุ่มโฆษณาตรายางปั้มชื่อ ตำแหนง ลายเซ็น,534042241565,"Dec 9, 2024",Excellent,5,3.55%,0%,141,12.06%,60.99%,฿0,0%,0,0,0
โลกตรายาง,กลุ่มโฆษณาตรายางปั้มชื่อ ตำแหนง ลายเซ็น,534042241565,"Dec 10, 2024",Excellent,10,11.49%,10%,87,17.24%,71.26%,฿163.96,10%,0,0,1
โลกตรายาง,กลุ่มโฆษณาตรายางปั้มชื่อ ตำแหนง ลายเซ็น,534042241565,"Dec 11, 2024",Excellent,5,5.56%,0%,90,13.48%,59.55%,฿0,0%,0,0,0
โลกตรายาง,กลุ่มโฆษณาตรายางปั้มชื่อ ตำแหนง ลายเซ็น,534042241565,"Dec 12, 2024",Excellent,4,4.71%,0%,85,15.29%,52.94%,฿0,0%,0,0,0
โลกตรายาง,กลุ่มโฆษณาตรายางปั้มชื่อ ตำแหนง ลายเซ็น,534042241565,"Dec 13, 2024",Excellent,3,7.14%,0%,42,11.9%,57.14%,฿0,0%,0,0,0
โลกตรายาง,กลุ่มโฆษณาตรายางปั้มชื่อ ตำแหนง ลายเซ็น,534042241565,"Dec 14, 2024",Excellent,3,15%,0%,20,60%,85%,฿0,0%,0,0,0
โลกตรายาง,กลุ่มโฆษณาตรายางปั้มชื่อ ตำแหนง ลายเซ็น,534042241565,"Dec 15, 2024",Excellent,0,0%,0%,0,0%,0%,฿0,0%,0,0,0
โลกตรายาง,กลุ่มโฆษณาตรายางปั้มชื่อ ตำแหนง ลายเซ็น,534042241565,"Dec 16, 2024",Excellent,6,10.17%,0%,59,10.17%,59.32%,฿0,0%,0,0,0
โลกตรายาง,กลุ่มโฆษณาตรายางปั้มชื่อ ตำแหนง ลายเซ็น,534042241565,"Dec 17, 2024",Excellent,3,3.41%,0%,88,18.18%,54.55%,฿0,0%,0,0,0
โลกตรายาง,กลุ่มโฆษณาตรายางปั้มชื่อ ตำแหนง ลายเซ็น,534042241565,"Dec 18, 2024",Excellent,3,7.32%,0%,41,14.63%,46.34%,฿0,0%,0,0,0
โลกตรายาง,กลุ่มโฆษณาตรายางปั้มชื่อ ตำแหนง ลายเซ็น,534042241565,"Dec 19, 2024",Excellent,2,3.08%,0%,65,15.63%,56.25%,฿0,0%,0,0,0
โลกตรายาง,กลุ่มโฆษณาตรายางปั้มชื่อ ตำแหนง ลายเซ็น,534042241565,"Dec 20, 2024",Excellent,7,13.46%,0%,52,15.38%,63.46%,฿0,0%,0,0,0
โลกตรายาง,กลุ่มโฆษณาตรายางปั้มชื่อ ตำแหนง ลายเซ็น,534042241565,"Dec 21, 2024",Excellent,5,12.5%,0%,40,22.5%,57.5%,฿0,0%,0,0,0
โลกตรายาง,กลุ่มโฆษณาตรายางปั้มชื่อ ตำแหนง ลายเซ็น,534042241565,"Dec 22, 2024",Excellent,0,0%,0%,0,0%,0%,฿0,0%,0,0,0
โลกตรายาง,กลุ่มโฆษณาตรายางปั้มชื่อ ตำแหนง ลายเซ็น,534042241565,"Dec 23, 2024",Excellent,2,4.17%,0%,48,12.5%,52.08%,฿0,0%,0,0,0
โลกตรายาง,กลุ่มโฆษณาตรายางปั้มชื่อ ตำแหนง ลายเซ็น,534042241565,"Dec 24, 2024",Excellent,3,3.95%,0%,76,13.16%,52.63%,฿0,0%,0,0,0
โลกตรายาง,กลุ่มโฆษณาตรายางปั้มชื่อ ตำแหนง ลายเซ็น,534042241565,"Dec 25, 2024",Excellent,6,12.24%,16.67%,49,8.16%,42.86%,฿70.55,16.67%,0,0,1
โลกตรายาง,กลุ่มโฆษณาตรายางปั้มชื่อ ตำแหนง ลายเซ็น,534042241565,"Dec 26, 2024",Excellent,0,0%,0%,32,6.25%,65.63%,฿0,0%,0,0,0
โลกตรายาง,กลุ่มโฆษณาตรายางวันที่,534183653494,"Nov 4, 2024",Good,0,0%,0%,0,0%,0%,฿0,0%,0,0,0
โลกตรายาง,กลุ่มโฆษณาตรายางวันที่,534183653494,"Nov 5, 2024",Good,2,4.88%,0%,41,29.27%,70.73%,฿0,0%,0,0,0
โลกตรายาง,กลุ่มโฆษณาตรายางวันที่,534183653494,"Nov 6, 2024",Good,1,3.23%,0%,31,25.81%,54.84%,฿0,0%,0,0,0
โลกตรายาง,กลุ่มโฆษณาตรายางวันที่,534183653494,"Nov 7, 2024",Good,5,9.62%,0%,52,25%,80.77%,฿0,0%,0,0,0
โลกตรายาง,กลุ่มโฆษณาตรายางวันที่,534183653494,"Nov 8, 2024",Good,3,4.05%,0%,74,18.92%,59.46%,฿0,0%,0,0,0
โลกตรายาง,กลุ่มโฆษณาตรายางวันที่,534183653494,"Nov 9, 2024",Good,3,7.89%,0%,38,7.89%,68.42%,฿0,0%,0,0,0
โลกตรายาง,กลุ่มโฆษณาตรายางวันที่,534183653494,"Nov 10, 2024",Good,0,0%,0%,0,0%,0%,฿0,0%,0,0,0
โลกตรายาง,กลุ่มโฆษณาตรายางวันที่,534183653494,"Nov 11, 2024",Good,5,11.36%,0%,44,18.18%,52.27%,฿0,0%,0,0,0
โลกตรายาง,กลุ่มโฆษณาตรายางวันที่,534183653494,"Nov 12, 2024",Good,1,2.78%,0%,36,22.22%,63.89%,฿0,0%,0,0,0
โลกตรายาง,กลุ่มโฆษณาตรายางวันที่,534183653494,"Nov 13, 2024",Good,1,11.11%,0%,9,22.22%,55.56%,฿0,0%,0,0,0
โลกตรายาง,กลุ่มโฆษณาตรายางวันที่,534183653494,"Nov 20, 2024",Good,0,0%,0%,0,0%,0%,฿0,0%,0,0,0
โลกตรายาง,กลุ่มโฆษณาตรายางวันที่,534183653494,"Nov 21, 2024",Good,3,6.67%,0%,45,20.45%,65.91%,฿0,0%,0,0,0
โลกตรายาง,กลุ่มโฆษณาตรายางวันที่,534183653494,"Nov 22, 2024",Good,4,12.5%,0%,32,34.38%,68.75%,฿0,0%,0,0,0
โลกตรายาง,กลุ่มโฆษณาตรายางวันที่,534183653494,"Nov 23, 2024",Good,2,6.45%,0%,31,19.35%,51.61%,฿0,0%,0,0,0
โลกตรายาง,กลุ่มโฆษณาตรายางวันที่,534183653494,"Nov 24, 2024",Good,0,0%,0%,0,0%,0%,฿0,0%,0,0,0
โลกตรายาง,กลุ่มโฆษณาตรายางวันที่,534183653494,"Nov 25, 2024",Good,5,11.63%,0%,43,18.6%,60.47%,฿0,0%,0,0,0
โลกตรายาง,กลุ่มโฆษณาตรายางวันที่,534183653494,"Nov 26, 2024",Good,6,10.71%,0%,56,12.5%,71.43%,฿0,0%,0,0,0
โลกตรายาง,กลุ่มโฆษณาตรายางวันที่,534183653494,"Nov 27, 2024",Good,0,0%,0%,48,29.17%,58.33%,฿0,0%,0,0,0
โลกตรายาง,กลุ่มโฆษณาตรายางวันที่,534183653494,"Nov 28, 2024",Good,5,8.77%,0%,57,24.56%,75.44%,฿0,0%,0,0,0
โลกตรายาง,กลุ่มโฆษณาตรายางวันที่,534183653494,"Nov 29, 2024",Good,1,5.56%,0%,18,23.53%,52.94%,฿0,0%,0,0,0
โลกตรายาง,กลุ่มโฆษณาตรายางวันที่,534183653494,"Nov 30, 2024",Good,0,0%,0%,7,14.29%,57.14%,฿0,0%,0,0,0
โลกตรายาง,กลุ่มโฆษณาตรายางวันที่,534183653494,"Dec 5, 2024",Good,0,0%,0%,0,0%,0%,฿0,0%,0,0,0
โลกตรายาง,กลุ่มโฆษณาตรายางวันที่,534183653494,"Dec 6, 2024",Good,3,5.08%,0%,59,20.34%,57.63%,฿0,0%,0,0,0
โลกตรายาง,กลุ่มโฆษณาตรายางวันที่,534183653494,"Dec 7, 2024",Good,0,0%,0%,33,6.06%,24.24%,฿0,0%,0,0,0
โลกตรายาง,กลุ่มโฆษณาตรายางวันที่,534183653494,"Dec 8, 2024",Good,0,0%,0%,0,0%,0%,฿0,0%,0,0,0
โลกตรายาง,กลุ่มโฆษณาตรายางวันที่,534183653494,"Dec 9, 2024",Good,3,4.29%,0%,70,23.19%,57.97%,฿0,0%,0,0,0
โลกตรายาง,กลุ่มโฆษณาตรายางวันที่,534183653494,"Dec 10, 2024",Good,8,8.08%,0%,99,25.25%,63.64%,฿0,0%,0,0,0
โลกตรายาง,กลุ่มโฆษณาตรายางวันที่,534183653494,"Dec 11, 2024",Good,7,6.93%,0%,101,16.83%,57.43%,฿0,0%,0,0,0
โลกตรายาง,กลุ่มโฆษณาตรายางวันที่,534183653494,"Dec 12, 2024",Good,4,4.65%,0%,86,15.48%,63.1%,฿0,0%,0,0,0
โลกตรายาง,กลุ่มโฆษณาตรายางวันที่,534183653494,"Dec 13, 2024",Good,5,11.36%,0%,44,27.27%,61.36%,฿0,0%,0,0,0
โลกตรายาง,กลุ่มโฆษณาตรายางวันที่,534183653494,"Dec 14, 2024",Good,7,15.91%,0%,44,34.09%,75%,฿0,0%,0,0,0
โลกตรายาง,กลุ่มโฆษณาตรายางวันที่,534183653494,"Dec 15, 2024",Good,0,0%,0%,0,0%,0%,฿0,0%,0,0,0
โลกตรายาง,กลุ่มโฆษณาตรายางวันที่,534183653494,"Dec 16, 2024",Good,6,9.68%,0%,62,11.29%,54.84%,฿0,0%,0,0,0
โลกตรายาง,กลุ่มโฆษณาตรายางวันที่,534183653494,"Dec 17, 2024",Good,4,6.06%,0%,66,12.12%,42.42%,฿0,0%,0,0,0
โลกตรายาง,กลุ่มโฆษณาตรายางวันที่,534183653494,"Dec 18, 2024",Good,3,8.82%,0%,34,11.76%,55.88%,฿0,0%,0,0,0
โลกตรายาง,กลุ่มโฆษณาตรายางวันที่,534183653494,"Dec 19, 2024",Good,4,6.9%,0%,58,13.79%,44.83%,฿0,0%,0,0,0
โลกตรายาง,กลุ่มโฆษณาตรายางวันที่,534183653494,"Dec 20, 2024",Good,3,6.82%,0%,44,11.36%,56.82%,฿0,0%,0,0,0
โลกตรายาง,กลุ่มโฆษณาตรายางวันที่,534183653494,"Dec 21, 2024",Good,4,12.12%,0%,33,12.12%,54.55%,฿0,0%,0,0,0
โลกตรายาง,กลุ่มโฆษณาตรายางวันที่,534183653494,"Dec 22, 2024",Good,0,0%,0%,0,0%,0%,฿0,0%,0,0,0
โลกตรายาง,กลุ่มโฆษณาตรายางวันที่,534183653494,"Dec 23, 2024",Good,1,2.56%,0%,39,15.38%,41.03%,฿0,0%,0,0,0
โลกตรายาง,กลุ่มโฆษณาตรายางวันที่,534183653494,"Dec 24, 2024",Good,6,9.23%,0%,65,15.63%,56.25%,฿0,0%,0,0,0
โลกตรายาง,กลุ่มโฆษณาตรายางวันที่,534183653494,"Dec 25, 2024",Good,2,5.13%,0%,39,10.26%,38.46%,฿0,0%,0,0,0
โลกตรายาง,กลุ่มโฆษณาตรายางวันที่,534183653494,"Dec 26, 2024",Good,2,7.69%,0%,26,11.54%,65.38%,฿0,0%,0,0,0
กล่อง  #1,กล่อง  #1,258466478637,"Nov 19, 2024",null,0,0%,0%,0,0%,0%,฿0,0%,0,0,0
กล่อง  #1,กล่อง  #1,411425311125,"Nov 19, 2024",Excellent,0,0%,0%,0,0%,0%,฿0,0%,0,0,0
กล่อง  #1,กล่อง  #1,258466695093,"Nov 19, 2024",null,0,0%,0%,0,0%,0%,฿0,0%,0,0,0
กล่อง  #1,กล่อง  #1,228491207661,"Nov 19, 2024",null,0,0%,0%,0,0%,0%,฿0,0%,0,0,0
กล่อง  #1,กล่อง  #1,411425311125,"Nov 20, 2024",Excellent,3,13.64%,33.33%,22,0%,20%,฿24.4,33.33%,0,0,1
กล่อง  #1,กล่อง  #1,258466695093,"Nov 20, 2024",null,0,0%,0%,0,0%,0%,฿0,0%,0,0,0
กล่อง  #1,กล่อง  #1,228491207661,"Nov 20, 2024",null,0,0%,0%,0,0%,0%,฿0,0%,0,0,0
กล่อง  #1,กล่อง  #1,258466478637,"Nov 20, 2024",null,0,0%,0%,0,0%,0%,฿0,0%,0,0,0
กล่อง  #1,กล่อง  #1,228491207661,"Nov 21, 2024",null,0,0%,0%,0,0%,0%,฿0,0%,0,0,0
กล่อง  #1,กล่อง  #1,411425311125,"Nov 21, 2024",Excellent,2,22.22%,0%,9,0%,40%,฿0,0%,0,0,0
กล่อง  #1,กล่อง  #1,258466695093,"Nov 21, 2024",null,0,0%,0%,0,0%,0%,฿0,0%,0,0,0
กล่อง  #1,กล่อง  #1,258466478637,"Nov 21, 2024",null,0,0%,0%,0,0%,0%,฿0,0%,0,0,0
กล่อง  #1,กล่อง  #1,258466478637,"Nov 22, 2024",null,0,0%,0%,0,0%,0%,฿0,0%,0,0,0
กล่อง  #1,กล่อง  #1,258466695093,"Nov 22, 2024",null,0,0%,0%,0,0%,0%,฿0,0%,0,0,0
กล่อง  #1,กล่อง  #1,228491207661,"Nov 22, 2024",null,0,0%,0%,0,0%,0%,฿0,0%,0,0,0
กล่อง  #1,กล่อง  #1,411425311125,"Nov 22, 2024",Excellent,4,8%,0%,50,16.67%,50%,฿0,0%,0,0,0
กล่อง  #1,กล่อง  #1,258466695093,"Nov 23, 2024",null,0,0%,0%,0,0%,0%,฿0,0%,0,0,0
กล่อง  #1,กล่อง  #1,411425311125,"Nov 23, 2024",Excellent,3,14.29%,0%,21,100%,100%,฿0,0%,0,0,0
กล่อง  #1,กล่อง  #1,228491207661,"Nov 23, 2024",null,0,0%,0%,0,0%,0%,฿0,0%,0,0,0
กล่อง  #1,กล่อง  #1,258466478637,"Nov 23, 2024",null,0,0%,0%,0,0%,0%,฿0,0%,0,0,0
กล่อง  #1,กล่อง  #1,258466695093,"Nov 24, 2024",null,0,0%,0%,0,0%,0%,฿0,0%,0,0,0
กล่อง  #1,กล่อง  #1,411425311125,"Nov 24, 2024",Excellent,0,0%,0%,0,0%,0%,฿0,0%,0,0,0
กล่อง  #1,กล่อง  #1,228491207661,"Nov 24, 2024",null,0,0%,0%,0,0%,0%,฿0,0%,0,0,0
กล่อง  #1,กล่อง  #1,258466478637,"Nov 24, 2024",null,0,0%,0%,0,0%,0%,฿0,0%,0,0,0
กล่อง  #1,กล่อง  #1,258466695093,"Nov 25, 2024",null,0,0%,0%,0,0%,0%,฿0,0%,0,0,0
กล่อง  #1,กล่อง  #1,411425311125,"Nov 25, 2024",Excellent,8,14.55%,12.5%,55,25%,50%,฿37.53,12.5%,0,0,1
กล่อง  #1,กล่อง  #1,228491207661,"Nov 25, 2024",null,0,0%,0%,0,0%,0%,฿0,0%,0,0,0
กล่อง  #1,กล่อง  #1,258466478637,"Nov 25, 2024",null,0,0%,0%,0,0%,0%,฿0,0%,0,0,0
กล่อง  #1,กล่อง  #1,258466695093,"Nov 26, 2024",null,0,0%,0%,0,0%,0%,฿0,0%,0,0,0
กล่อง  #1,กล่อง  #1,411425311125,"Nov 26, 2024",Excellent,1,4.35%,0%,23,7.69%,69.23%,฿0,0%,0,0,0
กล่อง  #1,กล่อง  #1,258466478637,"Nov 26, 2024",null,0,0%,0%,0,0%,0%,฿0,0%,0,0,0
กล่อง  #1,กล่อง  #1,228491207661,"Nov 26, 2024",null,0,0%,0%,0,0%,0%,฿0,0%,0,0,0
กล่อง  #1,กล่อง  #1,258466695093,"Nov 27, 2024",null,0,0%,0%,0,0%,0%,฿0,0%,0,0,0
กล่อง  #1,กล่อง  #1,258466478637,"Nov 27, 2024",null,0,0%,0%,0,0%,0%,฿0,0%,0,0,0
กล่อง  #1,กล่อง  #1,411425311125,"Nov 27, 2024",Excellent,6,5.77%,0%,104,6.67%,33.33%,฿0,0%,0,0,0
กล่อง  #1,กล่อง  #1,228491207661,"Nov 27, 2024",null,0,0%,0%,0,0%,0%,฿0,0%,0,0,0
กล่อง  #1,กล่อง  #1,228491207661,"Nov 28, 2024",null,0,0%,0%,0,0%,0%,฿0,0%,0,0,0
กล่อง  #1,กล่อง  #1,258466478637,"Nov 28, 2024",null,0,0%,0%,0,0%,0%,฿0,0%,0,0,0
กล่อง  #1,กล่อง  #1,411425311125,"Nov 28, 2024",Excellent,2,7.41%,50%,27,0%,27.27%,฿42.61,50%,0,0,1
กล่อง  #1,กล่อง  #1,258466695093,"Nov 28, 2024",null,0,0%,0%,0,0%,0%,฿0,0%,0,0,0
กล่อง  #1,กล่อง  #1,258466478637,"Nov 29, 2024",null,0,0%,0%,0,0%,0%,฿0,0%,0,0,0
กล่อง  #1,กล่อง  #1,258466695093,"Nov 29, 2024",null,0,0%,0%,0,0%,0%,฿0,0%,0,0,0
กล่อง  #1,กล่อง  #1,228491207661,"Nov 29, 2024",null,0,0%,0%,0,0%,0%,฿0,0%,0,0,0
กล่อง  #1,กล่อง  #1,411425311125,"Nov 29, 2024",Excellent,16,9.09%,12.5%,176,0%,42.86%,฿45.44,12.5%,0,0,2
กล่อง  #1,กล่อง  #1,228491207661,"Nov 30, 2024",null,0,0%,0%,0,0%,0%,฿0,0%,0,0,0
กล่อง  #1,กล่อง  #1,411425311125,"Nov 30, 2024",Excellent,1,12.5%,0%,8,0%,66.67%,฿0,0%,0,0,0
กล่อง  #1,กล่อง  #1,258466695093,"Nov 30, 2024",null,0,0%,0%,0,0%,0%,฿0,0%,0,0,0
กล่อง  #1,กล่อง  #1,258466478637,"Nov 30, 2024",null,0,0%,0%,0,0%,0%,฿0,0%,0,0,0
กล่อง  #1,กล่อง  #1,258466478637,"Dec 5, 2024",null,0,0%,0%,0,0%,0%,฿0,0%,0,0,0
กล่อง  #1,กล่อง  #1,411425311125,"Dec 5, 2024",Excellent,0,0%,0%,0,0%,0%,฿0,0%,0,0,0
กล่อง  #1,กล่อง  #1,258466695093,"Dec 5, 2024",null,0,0%,0%,0,0%,0%,฿0,0%,0,0,0
กล่อง  #1,กล่อง  #1,228491207661,"Dec 5, 2024",null,0,0%,0%,0,0%,0%,฿0,0%,0,0,0
กล่อง  #1,กล่อง  #1,228491207661,"Dec 6, 2024",null,0,0%,0%,0,0%,0%,฿0,0%,0,0,0
กล่อง  #1,กล่อง  #1,411425311125,"Dec 6, 2024",Excellent,19,9.6%,0%,198,0%,55.56%,฿0,0%,0,0,0
กล่อง  #1,กล่อง  #1,258466478637,"Dec 6, 2024",null,0,0%,0%,0,0%,0%,฿0,0%,0,0,0
กล่อง  #1,กล่อง  #1,258466695093,"Dec 6, 2024",null,0,0%,0%,0,0%,0%,฿0,0%,0,0,0
กล่อง  #1,กล่อง  #1,411425311125,"Dec 7, 2024",Excellent,9,15.79%,0%,57,0%,25%,฿0,0%,0,0,0
กล่อง  #1,กล่อง  #1,228491207661,"Dec 7, 2024",null,0,0%,0%,0,0%,0%,฿0,0%,0,0,0
กล่อง  #1,กล่อง  #1,258466695093,"Dec 7, 2024",null,0,0%,0%,0,0%,0%,฿0,0%,0,0,0
กล่อง  #1,กล่อง  #1,258466478637,"Dec 7, 2024",null,0,0%,0%,0,0%,0%,฿0,0%,0,0,0
กล่อง  #1,กล่อง  #1,228491207661,"Dec 8, 2024",null,0,0%,0%,0,0%,0%,฿0,0%,0,0,0
กล่อง  #1,กล่อง  #1,258466695093,"Dec 8, 2024",null,0,0%,0%,0,0%,0%,฿0,0%,0,0,0
กล่อง  #1,กล่อง  #1,258466478637,"Dec 8, 2024",null,0,0%,0%,0,0%,0%,฿0,0%,0,0,0
กล่อง  #1,กล่อง  #1,411425311125,"Dec 8, 2024",Excellent,0,0%,0%,0,0%,0%,฿0,0%,0,0,0
กล่อง  #1,กล่อง  #1,411425311125,"Dec 9, 2024",Excellent,16,14.41%,6.25%,111,8.33%,33.33%,฿110,6.25%,0,0,1
กล่อง  #1,กล่อง  #1,258466478637,"Dec 9, 2024",null,0,0%,0%,0,0%,0%,฿0,0%,0,0,0
กล่อง  #1,กล่อง  #1,228491207661,"Dec 9, 2024",null,0,0%,0%,0,0%,0%,฿0,0%,0,0,0
กล่อง  #1,กล่อง  #1,258466695093,"Dec 9, 2024",null,0,0%,0%,0,0%,0%,฿0,0%,0,0,0
กล่อง  #1,กล่อง  #1,411425311125,"Dec 10, 2024",Excellent,2,7.69%,0%,26,15.38%,69.23%,฿0,0%,0,0,0
กล่อง  #1,กล่อง  #1,258466478637,"Dec 10, 2024",null,0,0%,0%,0,0%,0%,฿0,0%,0,0,0
กล่อง  #1,กล่อง  #1,228491207661,"Dec 10, 2024",null,0,0%,0%,0,0%,0%,฿0,0%,0,0,0
กล่อง  #1,กล่อง  #1,258466695093,"Dec 10, 2024",null,0,0%,0%,0,0%,0%,฿0,0%,0,0,0
กล่อง  #1,กล่อง  #1,258466695093,"Dec 11, 2024",null,0,0%,0%,0,0%,0%,฿0,0%,0,0,0
กล่อง  #1,กล่อง  #1,228491207661,"Dec 11, 2024",null,0,0%,0%,0,0%,0%,฿0,0%,0,0,0
กล่อง  #1,กล่อง  #1,258466478637,"Dec 11, 2024",null,0,0%,0%,0,0%,0%,฿0,0%,0,0,0
กล่อง  #1,กล่อง  #1,411425311125,"Dec 11, 2024",Excellent,2,11.76%,0%,17,6.25%,43.75%,฿0,0%,0,0,0
กล่อง  #1,กล่อง  #1,228491207661,"Dec 12, 2024",null,0,0%,0%,0,0%,0%,฿0,0%,0,0,0
กล่อง  #1,กล่อง  #1,258466478637,"Dec 12, 2024",null,0,0%,0%,0,0%,0%,฿0,0%,0,0,0
กล่อง  #1,กล่อง  #1,411425311125,"Dec 12, 2024",Excellent,5,13.16%,0%,38,6.25%,56.25%,฿0,0%,0,0,0
กล่อง  #1,กล่อง  #1,258466695093,"Dec 12, 2024",null,0,0%,0%,0,0%,0%,฿0,0%,0,0,0
กล่อง  #1,กล่อง  #1,228491207661,"Dec 13, 2024",null,0,0%,0%,0,0%,0%,฿0,0%,0,0,0
กล่อง  #1,กล่อง  #1,258466478637,"Dec 13, 2024",null,0,0%,0%,0,0%,0%,฿0,0%,0,0,0
กล่อง  #1,กล่อง  #1,258466695093,"Dec 13, 2024",null,0,0%,0%,0,0%,0%,฿0,0%,0,0,0
กล่อง  #1,กล่อง  #1,411425311125,"Dec 13, 2024",Excellent,0,0%,0%,20,0%,40%,฿0,0%,0,0,0
กล่อง  #1,กล่อง  #1,411425311125,"Dec 14, 2024",Excellent,6,20%,0%,30,0%,0%,฿0,0%,0,0,0
กล่อง  #1,กล่อง  #1,228491207661,"Dec 14, 2024",null,0,0%,0%,0,0%,0%,฿0,0%,0,0,0
กล่อง  #1,กล่อง  #1,258466478637,"Dec 14, 2024",null,0,0%,0%,0,0%,0%,฿0,0%,0,0,0
กล่อง  #1,กล่อง  #1,258466695093,"Dec 14, 2024",null,0,0%,0%,0,0%,0%,฿0,0%,0,0,0
กล่อง  #1,กล่อง  #1,228491207661,"Dec 15, 2024",null,0,0%,0%,0,0%,0%,฿0,0%,0,0,0
กล่อง  #1,กล่อง  #1,258466478637,"Dec 15, 2024",null,0,0%,0%,0,0%,0%,฿0,0%,0,0,0
กล่อง  #1,กล่อง  #1,411425311125,"Dec 15, 2024",Excellent,0,0%,0%,0,0%,0%,฿0,0%,0,0,0
กล่อง  #1,กล่อง  #1,258466695093,"Dec 15, 2024",null,0,0%,0%,0,0%,0%,฿0,0%,0,0,0
กล่อง  #1,กล่อง  #1,258466478637,"Dec 16, 2024",null,0,0%,0%,0,0%,0%,฿0,0%,0,0,0
กล่อง  #1,กล่อง  #1,258466695093,"Dec 16, 2024",null,0,0%,0%,0,0%,0%,฿0,0%,0,0,0
กล่อง  #1,กล่อง  #1,411425311125,"Dec 16, 2024",Excellent,21,17.21%,9.52%,122,28.57%,28.57%,฿83.12,9.52%,0,0,2
กล่อง  #1,กล่อง  #1,228491207661,"Dec 16, 2024",null,0,0%,0%,0,0%,0%,฿0,0%,0,0,0
กล่อง  #1,กล่อง  #1,258466695093,"Dec 17, 2024",null,0,0%,0%,0,0%,0%,฿0,0%,0,0,0
กล่อง  #1,กล่อง  #1,411425311125,"Dec 17, 2024",Excellent,13,17.11%,0%,76,0%,42.86%,฿0,0%,0,0,0
กล่อง  #1,กล่อง  #1,228491207661,"Dec 17, 2024",null,0,0%,0%,0,0%,0%,฿0,0%,0,0,0
กล่อง  #1,กล่อง  #1,258466478637,"Dec 17, 2024",null,0,0%,0%,0,0%,0%,฿0,0%,0,0,0
กล่อง  #1,กล่อง  #1,258466695093,"Dec 18, 2024",null,0,0%,0%,0,0%,0%,฿0,0%,0,0,0
กล่อง  #1,กล่อง  #1,411425311125,"Dec 18, 2024",Excellent,1,5.26%,0%,19,0%,12.5%,฿0,0%,0,0,0
กล่อง  #1,กล่อง  #1,228491207661,"Dec 18, 2024",null,0,0%,0%,0,0%,0%,฿0,0%,0,0,0
กล่อง  #1,กล่อง  #1,258466478637,"Dec 18, 2024",null,0,0%,0%,0,0%,0%,฿0,0%,0,0,0
กล่อง  #1,กล่อง  #1,258466695093,"Dec 19, 2024",null,0,0%,0%,0,0%,0%,฿0,0%,0,0,0
กล่อง  #1,กล่อง  #1,228491207661,"Dec 19, 2024",null,0,0%,0%,0,0%,0%,฿0,0%,0,0,0
กล่อง  #1,กล่อง  #1,411425311125,"Dec 19, 2024",Excellent,19,19.79%,10.53%,96,0%,35.71%,฿86.03,10.53%,0,0,2
กล่อง  #1,กล่อง  #1,258466478637,"Dec 19, 2024",null,0,0%,0%,0,0%,0%,฿0,0%,0,0,0
กล่อง  #1,กล่อง  #1,258466478637,"Dec 20, 2024",null,0,0%,0%,0,0%,0%,฿0,0%,0,0,0
กล่อง  #1,กล่อง  #1,411425311125,"Dec 20, 2024",Excellent,2,6.06%,0%,33,0%,11.11%,฿0,0%,0,0,0
กล่อง  #1,กล่อง  #1,228491207661,"Dec 20, 2024",null,0,0%,0%,0,0%,0%,฿0,0%,0,0,0
กล่อง  #1,กล่อง  #1,258466695093,"Dec 20, 2024",null,0,0%,0%,0,0%,0%,฿0,0%,0,0,0
กล่อง  #1,กล่อง  #1,258466478637,"Dec 21, 2024",null,0,0%,0%,0,0%,0%,฿0,0%,0,0,0
กล่อง  #1,กล่อง  #1,228491207661,"Dec 21, 2024",null,0,0%,0%,0,0%,0%,฿0,0%,0,0,0
กล่อง  #1,กล่อง  #1,258466695093,"Dec 21, 2024",null,0,0%,0%,0,0%,0%,฿0,0%,0,0,0
กล่อง  #1,กล่อง  #1,411425311125,"Dec 21, 2024",Excellent,25,12.32%,0%,203,0%,0%,฿0,0%,0,0,0
กล่อง  #1,กล่อง  #1,228491207661,"Dec 22, 2024",null,0,0%,0%,0,0%,0%,฿0,0%,0,0,0
กล่อง  #1,กล่อง  #1,411425311125,"Dec 22, 2024",Excellent,0,0%,0%,0,0%,0%,฿0,0%,0,0,0
กล่อง  #1,กล่อง  #1,258466695093,"Dec 22, 2024",null,0,0%,0%,0,0%,0%,฿0,0%,0,0,0
กล่อง  #1,กล่อง  #1,258466478637,"Dec 22, 2024",null,0,0%,0%,0,0%,0%,฿0,0%,0,0,0
กล่อง  #1,กล่อง  #1,411425311125,"Dec 23, 2024",Excellent,13,8.33%,0%,156,0%,0%,฿0,0%,0,0,0
กล่อง  #1,กล่อง  #1,228491207661,"Dec 23, 2024",null,0,0%,0%,0,0%,0%,฿0,0%,0,0,0
กล่อง  #1,กล่อง  #1,258466695093,"Dec 23, 2024",null,0,0%,0%,0,0%,0%,฿0,0%,0,0,0
กล่อง  #1,กล่อง  #1,258466478637,"Dec 23, 2024",null,0,0%,0%,0,0%,0%,฿0,0%,0,0,0
กล่อง  #1,กล่อง  #1,411425311125,"Dec 24, 2024",Excellent,1,4.76%,0%,21,0%,47.06%,฿0,0%,0,0,0
กล่อง  #1,กล่อง  #1,258466695093,"Dec 24, 2024",null,0,0%,0%,0,0%,0%,฿0,0%,0,0,0
กล่อง  #1,กล่อง  #1,228491207661,"Dec 24, 2024",null,0,0%,0%,0,0%,0%,฿0,0%,0,0,0
กล่อง  #1,กล่อง  #1,258466478637,"Dec 24, 2024",null,0,0%,0%,0,0%,0%,฿0,0%,0,0,0
กล่อง  #1,กล่อง  #1,411425311125,"Dec 25, 2024",Excellent,23,10.5%,4.35%,219,0%,45%,฿141.65,4.35%,0,0,1
กล่อง  #1,กล่อง  #1,258466478637,"Dec 25, 2024",null,0,0%,0%,0,0%,0%,฿0,0%,0,0,0
กล่อง  #1,กล่อง  #1,228491207661,"Dec 25, 2024",null,0,0%,0%,0,0%,0%,฿0,0%,0,0,0
กล่อง  #1,กล่อง  #1,258466695093,"Dec 25, 2024",null,0,0%,0%,0,0%,0%,฿0,0%,0,0,0
กล่อง  #1,กล่อง  #1,411425311125,"Dec 26, 2024",Excellent,4,17.39%,25%,23,0%,58.33%,฿53.95,25%,0,0,1
กล่อง  #1,กล่อง  #1,258466695093,"Dec 26, 2024",null,0,0%,0%,0,0%,0%,฿0,0%,0,0,0
กล่อง  #1,กล่อง  #1,258466478637,"Dec 26, 2024",null,0,0%,0%,0,0%,0%,฿0,0%,0,0,0
กล่อง  #1,กล่อง  #1,228491207661,"Dec 26, 2024",null,0,0%,0%,0,0%,0%,฿0,0%,0,0,0
กล่อง  #1,กล่อง  #1 - กลุ่มโฆษณาแบบไดนามิก,446348979784,"Nov 19, 2024",null,0,0%,0%,0,0%,0%,฿0,0%,0,0,0
กล่อง  #1,กล่อง  #1 - กลุ่มโฆษณาแบบไดนามิก,446348979784,"Nov 20, 2024",null,0,0%,0%,0,0%,0%,฿0,0%,0,0,0
กล่อง  #1,กล่อง  #1 - กลุ่มโฆษณาแบบไดนามิก,446348979784,"Nov 21, 2024",null,0,0%,0%,0,0%,0%,฿0,0%,0,0,0
กล่อง  #1,กล่อง  #1 - กลุ่มโฆษณาแบบไดนามิก,446348979784,"Nov 22, 2024",null,0,0%,0%,0,0%,0%,฿0,0%,0,0,0
กล่อง  #1,กล่อง  #1 - กลุ่มโฆษณาแบบไดนามิก,446348979784,"Nov 23, 2024",null,0,0%,0%,0,0%,0%,฿0,0%,0,0,0
กล่อง  #1,กล่อง  #1 - กลุ่มโฆษณาแบบไดนามิก,446348979784,"Nov 24, 2024",null,0,0%,0%,0,0%,0%,฿0,0%,0,0,0
กล่อง  #1,กล่อง  #1 - กลุ่มโฆษณาแบบไดนามิก,446348979784,"Nov 25, 2024",null,0,0%,0%,0,0%,0%,฿0,0%,0,0,0
กล่อง  #1,กล่อง  #1 - กลุ่มโฆษณาแบบไดนามิก,446348979784,"Nov 26, 2024",null,0,0%,0%,0,0%,0%,฿0,0%,0,0,0
กล่อง  #1,กล่อง  #1 - กลุ่มโฆษณาแบบไดนามิก,446348979784,"Nov 27, 2024",null,0,0%,0%,0,0%,0%,฿0,0%,0,0,0
กล่อง  #1,กล่อง  #1 - กลุ่มโฆษณาแบบไดนามิก,446348979784,"Nov 28, 2024",null,0,0%,0%,0,0%,0%,฿0,0%,0,0,0
กล่อง  #1,กล่อง  #1 - กลุ่มโฆษณาแบบไดนามิก,446348979784,"Nov 29, 2024",null,0,0%,0%,0,0%,0%,฿0,0%,0,0,0
กล่อง  #1,กล่อง  #1 - กลุ่มโฆษณาแบบไดนามิก,446348979784,"Nov 30, 2024",null,0,0%,0%,0,0%,0%,฿0,0%,0,0,0
กล่อง  #1,กล่อง  #1 - กลุ่มโฆษณาแบบไดนามิก,446348979784,"Dec 5, 2024",null,0,0%,0%,0,0%,0%,฿0,0%,0,0,0
กล่อง  #1,กล่อง  #1 - กลุ่มโฆษณาแบบไดนามิก,446348979784,"Dec 6, 2024",null,0,0%,0%,0,0%,0%,฿0,0%,0,0,0
กล่อง  #1,กล่อง  #1 - กลุ่มโฆษณาแบบไดนามิก,446348979784,"Dec 7, 2024",null,0,0%,0%,0,0%,0%,฿0,0%,0,0,0
กล่อง  #1,กล่อง  #1 - กลุ่มโฆษณาแบบไดนามิก,446348979784,"Dec 8, 2024",null,0,0%,0%,0,0%,0%,฿0,0%,0,0,0
กล่อง  #1,กล่อง  #1 - กลุ่มโฆษณาแบบไดนามิก,446348979784,"Dec 9, 2024",null,0,0%,0%,0,0%,0%,฿0,0%,0,0,0
กล่อง  #1,กล่อง  #1 - กลุ่มโฆษณาแบบไดนามิก,446348979784,"Dec 10, 2024",null,0,0%,0%,0,0%,0%,฿0,0%,0,0,0
กล่อง  #1,กล่อง  #1 - กลุ่มโฆษณาแบบไดนามิก,446348979784,"Dec 11, 2024",null,0,0%,0%,0,0%,0%,฿0,0%,0,0,0
กล่อง  #1,กล่อง  #1 - กลุ่มโฆษณาแบบไดนามิก,446348979784,"Dec 12, 2024",null,0,0%,0%,0,0%,0%,฿0,0%,0,0,0
กล่อง  #1,กล่อง  #1 - กลุ่มโฆษณาแบบไดนามิก,446348979784,"Dec 13, 2024",null,0,0%,0%,0,0%,0%,฿0,0%,0,0,0
กล่อง  #1,กล่อง  #1 - กลุ่มโฆษณาแบบไดนามิก,446348979784,"Dec 14, 2024",null,0,0%,0%,0,0%,0%,฿0,0%,0,0,0
กล่อง  #1,กล่อง  #1 - กลุ่มโฆษณาแบบไดนามิก,446348979784,"Dec 15, 2024",null,0,0%,0%,0,0%,0%,฿0,0%,0,0,0
กล่อง  #1,กล่อง  #1 - กลุ่มโฆษณาแบบไดนามิก,446348979784,"Dec 16, 2024",null,0,0%,0%,0,0%,0%,฿0,0%,0,0,0
กล่อง  #1,กล่อง  #1 - กลุ่มโฆษณาแบบไดนามิก,446348979784,"Dec 17, 2024",null,0,0%,0%,0,0%,0%,฿0,0%,0,0,0
กล่อง  #1,กล่อง  #1 - กลุ่มโฆษณาแบบไดนามิก,446348979784,"Dec 18, 2024",null,0,0%,0%,0,0%,0%,฿0,0%,0,0,0
กล่อง  #1,กล่อง  #1 - กลุ่มโฆษณาแบบไดนามิก,446348979784,"Dec 19, 2024",null,0,0%,0%,0,0%,0%,฿0,0%,0,0,0
กล่อง  #1,กล่อง  #1 - กลุ่มโฆษณาแบบไดนามิก,446348979784,"Dec 20, 2024",null,0,0%,0%,0,0%,0%,฿0,0%,0,0,0
กล่อง  #1,กล่อง  #1 - กลุ่มโฆษณาแบบไดนามิก,446348979784,"Dec 21, 2024",null,0,0%,0%,0,0%,0%,฿0,0%,0,0,0
กล่อง  #1,กล่อง  #1 - กลุ่มโฆษณาแบบไดนามิก,446348979784,"Dec 22, 2024",null,0,0%,0%,0,0%,0%,฿0,0%,0,0,0
กล่อง  #1,กล่อง  #1 - กลุ่มโฆษณาแบบไดนามิก,446348979784,"Dec 23, 2024",null,0,0%,0%,0,0%,0%,฿0,0%,0,0,0
กล่อง  #1,กล่อง  #1 - กลุ่มโฆษณาแบบไดนามิก,446348979784,"Dec 24, 2024",null,0,0%,0%,0,0%,0%,฿0,0%,0,0,0
กล่อง  #1,กล่อง  #1 - กลุ่มโฆษณาแบบไดนามิก,446348979784,"Dec 25, 2024",null,0,0%,0%,0,0%,0%,฿0,0%,0,0,0
กล่อง  #1,กล่อง  #1 - กลุ่มโฆษณาแบบไดนามิก,446348979784,"Dec 26, 2024",null,0,0%,0%,0,0%,0%,฿0,0%,0,0,0
ฉลากสติกเกอร์ Offset,ฉลากสติกเกอร์,228328877422,"Nov 19, 2024",null,0,0%,0%,0,0%,0%,฿0,0%,0,0,0
ฉลากสติกเกอร์ Offset,ฉลากสติกเกอร์,258499136849,"Nov 19, 2024",null,0,0%,0%,0,0%,0%,฿0,0%,0,0,0
ฉลากสติกเกอร์ Offset,ฉลากสติกเกอร์,258501945340,"Nov 19, 2024",null,0,0%,0%,0,0%,0%,฿0,0%,0,0,0
ฉลากสติกเกอร์ Offset,ฉลากสติกเกอร์,258501945340,"Nov 20, 2024",null,0,0%,0%,0,0%,0%,฿0,0%,0,0,0
ฉลากสติกเกอร์ Offset,ฉลากสติกเกอร์,258499136849,"Nov 20, 2024",null,0,0%,0%,0,0%,0%,฿0,0%,0,0,0
ฉลากสติกเกอร์ Offset,ฉลากสติกเกอร์,228328877422,"Nov 20, 2024",null,0,0%,0%,0,0%,0%,฿0,0%,0,0,0
ฉลากสติกเกอร์ Offset,ฉลากสติกเกอร์,228328877422,"Nov 21, 2024",null,0,0%,0%,0,0%,0%,฿0,0%,0,0,0
ฉลากสติกเกอร์ Offset,ฉลากสติกเกอร์,258499136849,"Nov 21, 2024",null,0,0%,0%,0,0%,0%,฿0,0%,0,0,0
ฉลากสติกเกอร์ Offset,ฉลากสติกเกอร์,258501945340,"Nov 21, 2024",null,0,0%,0%,0,0%,0%,฿0,0%,0,0,0
ฉลากสติกเกอร์ Offset,ฉลากสติกเกอร์,258499136849,"Nov 22, 2024",null,0,0%,0%,0,0%,0%,฿0,0%,0,0,0
ฉลากสติกเกอร์ Offset,ฉลากสติกเกอร์,258501945340,"Nov 22, 2024",null,0,0%,0%,0,0%,0%,฿0,0%,0,0,0
ฉลากสติกเกอร์ Offset,ฉลากสติกเกอร์,228328877422,"Nov 22, 2024",null,0,0%,0%,0,0%,0%,฿0,0%,0,0,0
ฉลากสติกเกอร์ Offset,ฉลากสติกเกอร์,258499136849,"Nov 23, 2024",null,0,0%,0%,0,0%,0%,฿0,0%,0,0,0
ฉลากสติกเกอร์ Offset,ฉลากสติกเกอร์,258501945340,"Nov 23, 2024",null,0,0%,0%,0,0%,0%,฿0,0%,0,0,0
ฉลากสติกเกอร์ Offset,ฉลากสติกเกอร์,228328877422,"Nov 23, 2024",null,0,0%,0%,0,0%,0%,฿0,0%,0,0,0
ฉลากสติกเกอร์ Offset,ฉลากสติกเกอร์,228328877422,"Nov 24, 2024",null,0,0%,0%,0,0%,0%,฿0,0%,0,0,0
ฉลากสติกเกอร์ Offset,ฉลากสติกเกอร์,258499136849,"Nov 24, 2024",null,0,0%,0%,0,0%,0%,฿0,0%,0,0,0
ฉลากสติกเกอร์ Offset,ฉลากสติกเกอร์,258501945340,"Nov 24, 2024",null,0,0%,0%,0,0%,0%,฿0,0%,0,0,0
ฉลากสติกเกอร์ Offset,ฉลากสติกเกอร์,228328877422,"Nov 25, 2024",null,0,0%,0%,0,0%,0%,฿0,0%,0,0,0
ฉลากสติกเกอร์ Offset,ฉลากสติกเกอร์,258499136849,"Nov 25, 2024",null,0,0%,0%,0,0%,0%,฿0,0%,0,0,0
ฉลากสติกเกอร์ Offset,ฉลากสติกเกอร์,258501945340,"Nov 25, 2024",null,0,0%,0%,0,0%,0%,฿0,0%,0,0,0
ฉลากสติกเกอร์ Offset,ฉลากสติกเกอร์,258501945340,"Nov 26, 2024",null,0,0%,0%,0,0%,0%,฿0,0%,0,0,0
ฉลากสติกเกอร์ Offset,ฉลากสติกเกอร์,258499136849,"Nov 26, 2024",null,0,0%,0%,0,0%,0%,฿0,0%,0,0,0
ฉลากสติกเกอร์ Offset,ฉลากสติกเกอร์,228328877422,"Nov 26, 2024",null,0,0%,0%,0,0%,0%,฿0,0%,0,0,0
ฉลากสติกเกอร์ Offset,ฉลากสติกเกอร์,258499136849,"Nov 27, 2024",null,0,0%,0%,0,0%,0%,฿0,0%,0,0,0
ฉลากสติกเกอร์ Offset,ฉลากสติกเกอร์,258501945340,"Nov 27, 2024",null,0,0%,0%,0,0%,0%,฿0,0%,0,0,0
ฉลากสติกเกอร์ Offset,ฉลากสติกเกอร์,228328877422,"Nov 27, 2024",null,0,0%,0%,0,0%,0%,฿0,0%,0,0,0
ฉลากสติกเกอร์ Offset,ฉลากสติกเกอร์,258501945340,"Nov 28, 2024",null,0,0%,0%,0,0%,0%,฿0,0%,0,0,0
ฉลากสติกเกอร์ Offset,ฉลากสติกเกอร์,258499136849,"Nov 28, 2024",null,0,0%,0%,0,0%,0%,฿0,0%,0,0,0
ฉลากสติกเกอร์ Offset,ฉลากสติกเกอร์,228328877422,"Nov 28, 2024",null,0,0%,0%,0,0%,0%,฿0,0%,0,0,0
ฉลากสติกเกอร์ Offset,ฉลากสติกเกอร์,228328877422,"Nov 29, 2024",null,0,0%,0%,0,0%,0%,฿0,0%,0,0,0
ฉลากสติกเกอร์ Offset,ฉลากสติกเกอร์,258501945340,"Nov 29, 2024",null,0,0%,0%,0,0%,0%,฿0,0%,0,0,0
ฉลากสติกเกอร์ Offset,ฉลากสติกเกอร์,258501945340,"Nov 30, 2024",null,0,0%,0%,0,0%,0%,฿0,0%,0,0,0
ฉลากสติกเกอร์ Offset,ฉลากสติกเกอร์,228328877422,"Dec 5, 2024",null,0,0%,0%,0,0%,0%,฿0,0%,0,0,0
ฉลากสติกเกอร์ Offset,ฉลากสติกเกอร์,258499136849,"Dec 5, 2024",null,0,0%,0%,0,0%,0%,฿0,0%,0,0,0
ฉลากสติกเกอร์ Offset,ฉลากสติกเกอร์,258501945340,"Dec 5, 2024",null,0,0%,0%,0,0%,0%,฿0,0%,0,0,0
ฉลากสติกเกอร์ Offset,ฉลากสติกเกอร์,228328877422,"Dec 6, 2024",null,0,0%,0%,0,0%,0%,฿0,0%,0,0,0
ฉลากสติกเกอร์ Offset,ฉลากสติกเกอร์,258501945340,"Dec 6, 2024",null,0,0%,0%,0,0%,0%,฿0,0%,0,0,0
ฉลากสติกเกอร์ Offset,ฉลากสติกเกอร์,258499136849,"Dec 6, 2024",null,0,0%,0%,0,0%,0%,฿0,0%,0,0,0
ฉลากสติกเกอร์ Offset,ฉลากสติกเกอร์,228328877422,"Dec 7, 2024",null,0,0%,0%,0,0%,0%,฿0,0%,0,0,0
ฉลากสติกเกอร์ Offset,ฉลากสติกเกอร์,258501945340,"Dec 7, 2024",null,0,0%,0%,0,0%,0%,฿0,0%,0,0,0
ฉลากสติกเกอร์ Offset,ฉลากสติกเกอร์,258499136849,"Dec 7, 2024",null,0,0%,0%,0,0%,0%,฿0,0%,0,0,0
ฉลากสติกเกอร์ Offset,ฉลากสติกเกอร์,228328877422,"Dec 8, 2024",null,0,0%,0%,0,0%,0%,฿0,0%,0,0,0
ฉลากสติกเกอร์ Offset,ฉลากสติกเกอร์,258499136849,"Dec 8, 2024",null,0,0%,0%,0,0%,0%,฿0,0%,0,0,0
ฉลากสติกเกอร์ Offset,ฉลากสติกเกอร์,258501945340,"Dec 8, 2024",null,0,0%,0%,0,0%,0%,฿0,0%,0,0,0
ฉลากสติกเกอร์ Offset,ฉลากสติกเกอร์,228328877422,"Dec 9, 2024",null,0,0%,0%,0,0%,0%,฿0,0%,0,0,0
ฉลากสติกเกอร์ Offset,ฉลากสติกเกอร์,258501945340,"Dec 9, 2024",null,0,0%,0%,0,0%,0%,฿0,0%,0,0,0
ฉลากสติกเกอร์ Offset,ฉลากสติกเกอร์,258499136849,"Dec 9, 2024",null,0,0%,0%,0,0%,0%,฿0,0%,0,0,0
ฉลากสติกเกอร์ Offset,ฉลากสติกเกอร์,228328877422,"Dec 10, 2024",null,0,0%,0%,0,0%,0%,฿0,0%,0,0,0
ฉลากสติกเกอร์ Offset,ฉลากสติกเกอร์,258501945340,"Dec 10, 2024",null,0,0%,0%,0,0%,0%,฿0,0%,0,0,0
ฉลากสติกเกอร์ Offset,ฉลากสติกเกอร์,258499136849,"Dec 10, 2024",null,0,0%,0%,0,0%,0%,฿0,0%,0,0,0
ฉลากสติกเกอร์ Offset,ฉลากสติกเกอร์,258499136849,"Dec 11, 2024",null,0,0%,0%,0,0%,0%,฿0,0%,0,0,0
ฉลากสติกเกอร์ Offset,ฉลากสติกเกอร์,258501945340,"Dec 11, 2024",null,0,0%,0%,0,0%,0%,฿0,0%,0,0,0
ฉลากสติกเกอร์ Offset,ฉลากสติกเกอร์,228328877422,"Dec 11, 2024",null,0,0%,0%,0,0%,0%,฿0,0%,0,0,0
ฉลากสติกเกอร์ Offset,ฉลากสติกเกอร์,258501945340,"Dec 12, 2024",null,0,0%,0%,0,0%,0%,฿0,0%,0,0,0
ฉลากสติกเกอร์ Offset,ฉลากสติกเกอร์,228328877422,"Dec 12, 2024",null,0,0%,0%,0,0%,0%,฿0,0%,0,0,0
ฉลากสติกเกอร์ Offset,ฉลากสติกเกอร์,258499136849,"Dec 12, 2024",null,0,0%,0%,0,0%,0%,฿0,0%,0,0,0
ฉลากสติกเกอร์ Offset,ฉลากสติกเกอร์,258501945340,"Dec 13, 2024",null,0,0%,0%,0,0%,0%,฿0,0%,0,0,0
ฉลากสติกเกอร์ Offset,ฉลากสติกเกอร์,258499136849,"Dec 13, 2024",null,0,0%,0%,0,0%,0%,฿0,0%,0,0,0
ฉลากสติกเกอร์ Offset,ฉลากสติกเกอร์,228328877422,"Dec 13, 2024",null,0,0%,0%,0,0%,0%,฿0,0%,0,0,0
ฉลากสติกเกอร์ Offset,ฉลากสติกเกอร์,258499136849,"Dec 14, 2024",null,0,0%,0%,0,0%,0%,฿0,0%,0,0,0
ฉลากสติกเกอร์ Offset,ฉลากสติกเกอร์,258501945340,"Dec 14, 2024",null,0,0%,0%,0,0%,0%,฿0,0%,0,0,0
ฉลากสติกเกอร์ Offset,ฉลากสติกเกอร์,228328877422,"Dec 14, 2024",null,0,0%,0%,0,0%,0%,฿0,0%,0,0,0
ฉลากสติกเกอร์ Offset,ฉลากสติกเกอร์,258499136849,"Dec 15, 2024",null,0,0%,0%,0,0%,0%,฿0,0%,0,0,0
ฉลากสติกเกอร์ Offset,ฉลากสติกเกอร์,258501945340,"Dec 15, 2024",null,0,0%,0%,0,0%,0%,฿0,0%,0,0,0
ฉลากสติกเกอร์ Offset,ฉลากสติกเกอร์,228328877422,"Dec 15, 2024",null,0,0%,0%,0,0%,0%,฿0,0%,0,0,0
ฉลากสติกเกอร์ Offset,ฉลากสติกเกอร์,258499136849,"Dec 16, 2024",null,0,0%,0%,0,0%,0%,฿0,0%,0,0,0
ฉลากสติกเกอร์ Offset,ฉลากสติกเกอร์,258501945340,"Dec 16, 2024",null,0,0%,0%,0,0%,0%,฿0,0%,0,0,0
ฉลากสติกเกอร์ Offset,ฉลากสติกเกอร์,228328877422,"Dec 16, 2024",null,0,0%,0%,0,0%,0%,฿0,0%,0,0,0
ฉลากสติกเกอร์ Offset,ฉลากสติกเกอร์,258499136849,"Dec 17, 2024",null,0,0%,0%,0,0%,0%,฿0,0%,0,0,0
ฉลากสติกเกอร์ Offset,ฉลากสติกเกอร์,258501945340,"Dec 17, 2024",null,0,0%,0%,0,0%,0%,฿0,0%,0,0,0
ฉลากสติกเกอร์ Offset,ฉลากสติกเกอร์,228328877422,"Dec 17, 2024",null,0,0%,0%,0,0%,0%,฿0,0%,0,0,0
ฉลากสติกเกอร์ Offset,ฉลากสติกเกอร์,228328877422,"Dec 18, 2024",null,0,0%,0%,0,0%,0%,฿0,0%,0,0,0
ฉลากสติกเกอร์ Offset,ฉลากสติกเกอร์,258501945340,"Dec 18, 2024",null,0,0%,0%,0,0%,0%,฿0,0%,0,0,0
ฉลากสติกเกอร์ Offset,ฉลากสติกเกอร์,258499136849,"Dec 18, 2024",null,0,0%,0%,0,0%,0%,฿0,0%,0,0,0
ฉลากสติกเกอร์ Offset,ฉลากสติกเกอร์,228328877422,"Dec 19, 2024",null,0,0%,0%,0,0%,0%,฿0,0%,0,0,0
ฉลากสติกเกอร์ Offset,ฉลากสติกเกอร์,258501945340,"Dec 19, 2024",null,0,0%,0%,0,0%,0%,฿0,0%,0,0,0
ฉลากสติกเกอร์ Offset,ฉลากสติกเกอร์,258499136849,"Dec 19, 2024",null,0,0%,0%,0,0%,0%,฿0,0%,0,0,0
ฉลากสติกเกอร์ Offset,ฉลากสติกเกอร์,228328877422,"Dec 20, 2024",null,0,0%,0%,0,0%,0%,฿0,0%,0,0,0
ฉลากสติกเกอร์ Offset,ฉลากสติกเกอร์,258501945340,"Dec 20, 2024",null,0,0%,0%,0,0%,0%,฿0,0%,0,0,0
ฉลากสติกเกอร์ Offset,ฉลากสติกเกอร์,258499136849,"Dec 20, 2024",null,0,0%,0%,0,0%,0%,฿0,0%,0,0,0
ฉลากสติกเกอร์ Offset,ฉลากสติกเกอร์,258499136849,"Dec 21, 2024",null,0,0%,0%,0,0%,0%,฿0,0%,0,0,0
ฉลากสติกเกอร์ Offset,ฉลากสติกเกอร์,228328877422,"Dec 21, 2024",null,0,0%,0%,0,0%,0%,฿0,0%,0,0,0
ฉลากสติกเกอร์ Offset,ฉลากสติกเกอร์,258501945340,"Dec 21, 2024",null,0,0%,0%,0,0%,0%,฿0,0%,0,0,0
ฉลากสติกเกอร์ Offset,ฉลากสติกเกอร์,258499136849,"Dec 22, 2024",null,0,0%,0%,0,0%,0%,฿0,0%,0,0,0
ฉลากสติกเกอร์ Offset,ฉลากสติกเกอร์,228328877422,"Dec 22, 2024",null,0,0%,0%,0,0%,0%,฿0,0%,0,0,0
ฉลากสติกเกอร์ Offset,ฉลากสติกเกอร์,258501945340,"Dec 22, 2024",null,0,0%,0%,0,0%,0%,฿0,0%,0,0,0
ฉลากสติกเกอร์ Offset,ฉลากสติกเกอร์,258499136849,"Dec 23, 2024",null,0,0%,0%,0,0%,0%,฿0,0%,0,0,0
ฉลากสติกเกอร์ Offset,ฉลากสติกเกอร์,228328877422,"Dec 23, 2024",null,0,0%,0%,0,0%,0%,฿0,0%,0,0,0
ฉลากสติกเกอร์ Offset,ฉลากสติกเกอร์,258501945340,"Dec 23, 2024",null,0,0%,0%,0,0%,0%,฿0,0%,0,0,0
ฉลากสติกเกอร์ Offset,ฉลากสติกเกอร์,258499136849,"Dec 24, 2024",null,0,0%,0%,0,0%,0%,฿0,0%,0,0,0
ฉลากสติกเกอร์ Offset,ฉลากสติกเกอร์,228328877422,"Dec 24, 2024",null,0,0%,0%,0,0%,0%,฿0,0%,0,0,0
ฉลากสติกเกอร์ Offset,ฉลากสติกเกอร์,258501945340,"Dec 24, 2024",null,0,0%,0%,0,0%,0%,฿0,0%,0,0,0
ฉลากสติกเกอร์ Offset,ฉลากสติกเกอร์,258499136849,"Dec 25, 2024",null,0,0%,0%,0,0%,0%,฿0,0%,0,0,0
ฉลากสติกเกอร์ Offset,ฉลากสติกเกอร์,228328877422,"Dec 25, 2024",null,0,0%,0%,0,0%,0%,฿0,0%,0,0,0
ฉลากสติกเกอร์ Offset,ฉลากสติกเกอร์,258501945340,"Dec 25, 2024",null,0,0%,0%,0,0%,0%,฿0,0%,0,0,0
ฉลากสติกเกอร์ Offset,ฉลากสติกเกอร์,258499136849,"Dec 26, 2024",null,0,0%,0%,0,0%,0%,฿0,0%,0,0,0
ฉลากสติกเกอร์ Offset,ฉลากสติกเกอร์,228328877422,"Dec 26, 2024",null,0,0%,0%,0,0%,0%,฿0,0%,0,0,0
ฉลากสติกเกอร์ Offset,ฉลากสติกเกอร์,258501945340,"Dec 26, 2024",null,0,0%,0%,0,0%,0%,฿0,0%,0,0,0
โรงพิมพ์,ปฏิทินแขวน,624638105211,"Nov 6, 2024",Good,0,0%,0%,1,0%,0%,฿0,0%,0,0,0
โรงพิมพ์,ปฏิทินแขวน,624638105211,"Nov 7, 2024",Good,14,16.67%,21.43%,84,27.38%,79.76%,฿168.13,21.43%,0,0,3
โรงพิมพ์,ปฏิทินแขวน,624638105211,"Nov 8, 2024",Good,12,10.81%,0%,111,17.12%,68.47%,฿0,0%,0,0,0
โรงพิมพ์,ปฏิทินแขวน,624638105211,"Nov 9, 2024",Good,8,12.31%,0%,65,26.15%,70.77%,฿0,0%,0,0,0
โรงพิมพ์,ปฏิทินแขวน,624638105211,"Nov 10, 2024",Good,0,0%,0%,0,0%,0%,฿0,0%,0,0,0
โรงพิมพ์,ปฏิทินแขวน,624638105211,"Nov 11, 2024",Good,8,10.13%,0%,79,7.59%,63.29%,฿0,0%,0,0,0
โรงพิมพ์,ปฏิทินแขวน,624638105211,"Nov 12, 2024",Good,7,9.86%,0%,71,9.86%,49.3%,฿0,0%,0,0,0
โรงพิมพ์,ปฏิทินแขวน,624638105211,"Nov 13, 2024",Good,5,12.5%,40%,40,12.5%,55%,฿72.07,40%,0,0,2
โรงพิมพ์,ปฏิทินแขวน,624638105211,"Nov 19, 2024",Good,0,0%,0%,13,38.46%,69.23%,฿0,0%,0,0,0
โรงพิมพ์,ปฏิทินแขวน,624638105211,"Nov 20, 2024",Good,14,11.38%,7.14%,123,9.76%,60.98%,฿315.32,7.14%,0,0,1
โรงพิมพ์,ปฏิทินแขวน,624638105211,"Nov 21, 2024",Good,6,10.53%,0%,57,5.26%,59.65%,฿0,0%,0,0,0
โรงพิมพ์,ปฏิทินแขวน,624638105211,"Nov 22, 2024",Good,11,17.74%,9.09%,62,11.29%,61.29%,฿262.37,9.09%,0,0,1
โรงพิมพ์,ปฏิทินแขวน,624638105211,"Nov 23, 2024",Good,8,16.33%,12.5%,49,20.41%,71.43%,฿150.02,12.5%,0,0,1
โรงพิมพ์,ปฏิทินแขวน,624638105211,"Nov 24, 2024",Good,0,0%,0%,0,0%,0%,฿0,0%,0,0,0
โรงพิมพ์,ปฏิทินแขวน,624638105211,"Nov 25, 2024",Good,6,10.17%,16.67%,59,5.08%,54.24%,฿111.24,16.67%,0,0,1
โรงพิมพ์,ปฏิทินแขวน,624638105211,"Nov 26, 2024",Good,8,10.26%,0%,78,6.41%,55.13%,฿0,0%,0,0,0
โรงพิมพ์,ปฏิทินแขวน,624638105211,"Nov 27, 2024",Good,13,14.44%,0%,90,8.89%,66.67%,฿0,0%,0,0,0
โรงพิมพ์,ปฏิทินแขวน,624638105211,"Nov 28, 2024",Good,12,15%,8.33%,80,10%,61.25%,฿215.72,8.33%,0,0,1
โรงพิมพ์,ปฏิทินแขวน,624638105211,"Nov 29, 2024",Good,5,8.06%,40%,62,9.68%,56.45%,฿51.35,40%,0,0,2
โรงพิมพ์,ปฏิทินแขวน,624638105211,"Nov 30, 2024",Good,4,11.43%,25%,35,40%,74.29%,฿75.75,25%,0,0,1
โรงพิมพ์,ปฏิทินแขวน,624638105211,"Dec 5, 2024",Good,0,0%,0%,0,0%,0%,฿0,0%,0,0,0
โรงพิมพ์,ปฏิทินแขวน,624638105211,"Dec 6, 2024",Good,22,13.41%,13.64%,164,20.73%,68.29%,฿122.45,13.64%,0,0,3
โรงพิมพ์,ปฏิทินแขวน,624638105211,"Dec 7, 2024",Good,19,26.76%,0%,71,28.17%,74.65%,฿0,0%,0,0,0
โรงพิมพ์,ปฏิทินแขวน,624638105211,"Dec 8, 2024",Good,0,0%,0%,0,0%,0%,฿0,0%,0,0,0
โรงพิมพ์,ปฏิทินแขวน,624638105211,"Dec 9, 2024",Good,17,10.83%,5.88%,157,19.75%,68.15%,฿281.93,5.88%,0,0,1
โรงพิมพ์,ปฏิทินแขวน,624638105211,"Dec 10, 2024",Good,22,14.67%,4.55%,150,19.33%,68%,฿397.74,4.55%,0,0,1
โรงพิมพ์,ปฏิทินแขวน,624638105211,"Dec 11, 2024",Good,20,13.33%,5%,150,17.33%,59.33%,฿366.94,5%,0,0,1
โรงพิมพ์,ปฏิทินแขวน,624638105211,"Dec 12, 2024",Good,14,15.91%,7.14%,88,10.23%,50%,฿236.18,7.14%,0,0,1
โรงพิมพ์,ปฏิทินแขวน,624638105211,"Dec 13, 2024",Good,17,12.06%,5.88%,141,10.64%,64.54%,฿284.71,5.88%,0,0,1
โรงพิมพ์,ปฏิทินแขวน,624638105211,"Dec 14, 2024",Good,7,10.94%,0%,64,34.38%,67.19%,฿0,0%,0,0,0
โรงพิมพ์,ปฏิทินแขวน,624638105211,"Dec 15, 2024",Good,0,0%,0%,0,0%,0%,฿0,0%,0,0,0
โรงพิมพ์,ปฏิทินแขวน,624638105211,"Dec 16, 2024",Good,8,7.55%,0%,106,13.21%,54.72%,฿0,0%,0,0,0
โรงพิมพ์,ปฏิทินแขวน,624638105211,"Dec 17, 2024",Good,16,17.78%,12.5%,90,6.67%,47.78%,฿129.41,12.5%,0,0,2
โรงพิมพ์,ปฏิทินแขวน,624638105211,"Dec 18, 2024",Good,11,9.65%,9.09%,114,6.14%,57.02%,฿256.15,9.09%,0,0,1
โรงพิมพ์,ปฏิทินแขวน,624638105211,"Dec 19, 2024",Good,18,16.07%,5.56%,112,10.71%,61.61%,฿313.1,5.56%,0,0,1
โรงพิมพ์,ปฏิทินแขวน,624638105211,"Dec 20, 2024",Good,14,11.67%,21.43%,120,15%,62.5%,฿89.78,21.43%,0,0,3
โรงพิมพ์,ปฏิทินแขวน,624638105211,"Dec 21, 2024",Good,13,16.05%,0%,81,25.93%,77.78%,฿0,0%,0,0,0
โรงพิมพ์,ปฏิทินแขวน,624638105211,"Dec 22, 2024",Good,0,0%,0%,0,0%,0%,฿0,0%,0,0,0
โรงพิมพ์,ปฏิทินแขวน,624638105211,"Dec 23, 2024",Good,16,13.33%,0%,120,5.83%,44.17%,฿0,0%,0,0,0
โรงพิมพ์,ปฏิทินแขวน,624638105211,"Dec 24, 2024",Good,13,10.08%,0%,129,11.63%,58.91%,฿0,0%,0,0,0
โรงพิมพ์,ปฏิทินแขวน,624638105211,"Dec 25, 2024",Good,8,7.02%,0%,114,7.89%,63.16%,฿0,0%,0,0,0
โรงพิมพ์,ปฏิทินแขวน,624638105211,"Dec 26, 2024",Good,11,10.78%,0%,102,11.76%,60.78%,฿0,0%,0,0,0
โรงพิมพ์,โรงพิมพ์ - กลุ่มโฆษณาแบบไดนามิก,446302259202,"Nov 4, 2024",null,0,0%,0%,0,0%,0%,฿0,0%,0,0,0
โรงพิมพ์,โรงพิมพ์ - กลุ่มโฆษณาแบบไดนามิก,446302259202,"Nov 5, 2024",null,0,0%,0%,0,0%,0%,฿0,0%,0,0,0
โรงพิมพ์,โรงพิมพ์ - กลุ่มโฆษณาแบบไดนามิก,446302259202,"Nov 6, 2024",null,0,0%,0%,0,0%,0%,฿0,0%,0,0,0
โรงพิมพ์,โรงพิมพ์ - กลุ่มโฆษณาแบบไดนามิก,446302259202,"Nov 7, 2024",null,0,0%,0%,0,0%,0%,฿0,0%,0,0,0
โรงพิมพ์,โรงพิมพ์ - กลุ่มโฆษณาแบบไดนามิก,446302259202,"Nov 8, 2024",null,0,0%,0%,0,0%,0%,฿0,0%,0,0,0
โรงพิมพ์,โรงพิมพ์ - กลุ่มโฆษณาแบบไดนามิก,446302259202,"Nov 9, 2024",null,0,0%,0%,0,0%,0%,฿0,0%,0,0,0
โรงพิมพ์,โรงพิมพ์ - กลุ่มโฆษณาแบบไดนามิก,446302259202,"Nov 10, 2024",null,0,0%,0%,0,0%,0%,฿0,0%,0,0,0
โรงพิมพ์,โรงพิมพ์ - กลุ่มโฆษณาแบบไดนามิก,446302259202,"Nov 11, 2024",null,0,0%,0%,0,0%,0%,฿0,0%,0,0,0
โรงพิมพ์,โรงพิมพ์ - กลุ่มโฆษณาแบบไดนามิก,446302259202,"Nov 12, 2024",null,0,0%,0%,0,0%,0%,฿0,0%,0,0,0
โรงพิมพ์,โรงพิมพ์ - กลุ่มโฆษณาแบบไดนามิก,446302259202,"Nov 13, 2024",null,0,0%,0%,0,0%,0%,฿0,0%,0,0,0
โลกตรายาง,โลกตรายาง - กลุ่มโฆษณาแบบไดนามิก,579967261434,"Nov 4, 2024",null,0,0%,0%,0,0%,0%,฿0,0%,0,0,0
โลกตรายาง,โลกตรายาง - กลุ่มโฆษณาแบบไดนามิก,579967261434,"Nov 5, 2024",null,0,0%,0%,0,0%,0%,฿0,0%,0,0,0
โลกตรายาง,โลกตรายาง - กลุ่มโฆษณาแบบไดนามิก,579967261434,"Nov 6, 2024",null,0,0%,0%,0,0%,0%,฿0,0%,0,0,0
โลกตรายาง,โลกตรายาง - กลุ่มโฆษณาแบบไดนามิก,579967261434,"Nov 7, 2024",null,0,0%,0%,0,0%,0%,฿0,0%,0,0,0
โลกตรายาง,โลกตรายาง - กลุ่มโฆษณาแบบไดนามิก,579967261434,"Nov 8, 2024",null,0,0%,0%,0,0%,0%,฿0,0%,0,0,0
โลกตรายาง,โลกตรายาง - กลุ่มโฆษณาแบบไดนามิก,579967261434,"Nov 9, 2024",null,0,0%,0%,0,0%,0%,฿0,0%,0,0,0
โลกตรายาง,โลกตรายาง - กลุ่มโฆษณาแบบไดนามิก,579967261434,"Nov 10, 2024",null,0,0%,0%,0,0%,0%,฿0,0%,0,0,0
โลกตรายาง,โลกตรายาง - กลุ่มโฆษณาแบบไดนามิก,579967261434,"Nov 11, 2024",null,0,0%,0%,0,0%,0%,฿0,0%,0,0,0
โลกตรายาง,โลกตรายาง - กลุ่มโฆษณาแบบไดนามิก,579967261434,"Nov 12, 2024",null,0,0%,0%,0,0%,0%,฿0,0%,0,0,0
โลกตรายาง,โลกตรายาง - กลุ่มโฆษณาแบบไดนามิก,579967261434,"Nov 13, 2024",null,0,0%,0%,0,0%,0%,฿0,0%,0,0,0
โลกตรายาง,โลกตรายาง - กลุ่มโฆษณาแบบไดนามิก,579967261434,"Nov 19, 2024",null,0,0%,0%,0,0%,0%,฿0,0%,0,0,0
โลกตรายาง,โลกตรายาง - กลุ่มโฆษณาแบบไดนามิก,579967261434,"Nov 21, 2024",null,0,0%,0%,0,0%,0%,฿0,0%,0,0,0
โลกตรายาง,โลกตรายาง - กลุ่มโฆษณาแบบไดนามิก,579967261434,"Nov 22, 2024",null,0,0%,0%,0,0%,0%,฿0,0%,0,0,0
โลกตรายาง,โลกตรายาง - กลุ่มโฆษณาแบบไดนามิก,579967261434,"Nov 23, 2024",null,0,0%,0%,0,0%,0%,฿0,0%,0,0,0
โลกตรายาง,โลกตรายาง - กลุ่มโฆษณาแบบไดนามิก,579967261434,"Nov 24, 2024",null,0,0%,0%,0,0%,0%,฿0,0%,0,0,0
โลกตรายาง,โลกตรายาง - กลุ่มโฆษณาแบบไดนามิก,579967261434,"Nov 25, 2024",null,0,0%,0%,0,0%,0%,฿0,0%,0,0,0
โลกตรายาง,โลกตรายาง - กลุ่มโฆษณาแบบไดนามิก,579967261434,"Nov 26, 2024",null,0,0%,0%,0,0%,0%,฿0,0%,0,0,0
โลกตรายาง,โลกตรายาง - กลุ่มโฆษณาแบบไดนามิก,579967261434,"Nov 27, 2024",null,0,0%,0%,0,0%,0%,฿0,0%,0,0,0
โลกตรายาง,โลกตรายาง - กลุ่มโฆษณาแบบไดนามิก,579967261434,"Nov 28, 2024",null,0,0%,0%,0,0%,0%,฿0,0%,0,0,0
โลกตรายาง,โลกตรายาง - กลุ่มโฆษณาแบบไดนามิก,579967261434,"Nov 29, 2024",null,0,0%,0%,0,0%,0%,฿0,0%,0,0,0
โลกตรายาง,โลกตรายาง - กลุ่มโฆษณาแบบไดนามิก,579967261434,"Nov 30, 2024",null,0,0%,0%,0,0%,0%,฿0,0%,0,0,0
โลกตรายาง,โลกตรายาง - กลุ่มโฆษณาแบบไดนามิก,579967261434,"Dec 5, 2024",null,0,0%,0%,0,0%,0%,฿0,0%,0,0,0
โลกตรายาง,โลกตรายาง - กลุ่มโฆษณาแบบไดนามิก,579967261434,"Dec 6, 2024",null,0,0%,0%,0,0%,0%,฿0,0%,0,0,0
โลกตรายาง,โลกตรายาง - กลุ่มโฆษณาแบบไดนามิก,579967261434,"Dec 7, 2024",null,0,0%,0%,0,0%,0%,฿0,0%,0,0,0
โลกตรายาง,โลกตรายาง - กลุ่มโฆษณาแบบไดนามิก,579967261434,"Dec 8, 2024",null,0,0%,0%,0,0%,0%,฿0,0%,0,0,0
โลกตรายาง,โลกตรายาง - กลุ่มโฆษณาแบบไดนามิก,579967261434,"Dec 9, 2024",null,0,0%,0%,0,0%,0%,฿0,0%,0,0,0
โลกตรายาง,โลกตรายาง - กลุ่มโฆษณาแบบไดนามิก,579967261434,"Dec 10, 2024",null,0,0%,0%,0,0%,0%,฿0,0%,0,0,0
โลกตรายาง,โลกตรายาง - กลุ่มโฆษณาแบบไดนามิก,579967261434,"Dec 11, 2024",null,0,0%,0%,0,0%,0%,฿0,0%,0,0,0
โลกตรายาง,โลกตรายาง - กลุ่มโฆษณาแบบไดนามิก,579967261434,"Dec 12, 2024",null,0,0%,0%,0,0%,0%,฿0,0%,0,0,0
โลกตรายาง,โลกตรายาง - กลุ่มโฆษณาแบบไดนามิก,579967261434,"Dec 13, 2024",null,0,0%,0%,0,0%,0%,฿0,0%,0,0,0
โลกตรายาง,โลกตรายาง - กลุ่มโฆษณาแบบไดนามิก,579967261434,"Dec 14, 2024",null,0,0%,0%,0,0%,0%,฿0,0%,0,0,0
โลกตรายาง,โลกตรายาง - กลุ่มโฆษณาแบบไดนามิก,579967261434,"Dec 15, 2024",null,0,0%,0%,0,0%,0%,฿0,0%,0,0,0
โลกตรายาง,โลกตรายาง - กลุ่มโฆษณาแบบไดนามิก,579967261434,"Dec 16, 2024",null,0,0%,0%,0,0%,0%,฿0,0%,0,0,0
โลกตรายาง,โลกตรายาง - กลุ่มโฆษณาแบบไดนามิก,579967261434,"Dec 17, 2024",null,0,0%,0%,0,0%,0%,฿0,0%,0,0,0
โลกตรายาง,โลกตรายาง - กลุ่มโฆษณาแบบไดนามิก,579967261434,"Dec 18, 2024",null,0,0%,0%,0,0%,0%,฿0,0%,0,0,0
โลกตรายาง,โลกตรายาง - กลุ่มโฆษณาแบบไดนามิก,579967261434,"Dec 19, 2024",null,0,0%,0%,0,0%,0%,฿0,0%,0,0,0
โลกตรายาง,โลกตรายาง - กลุ่มโฆษณาแบบไดนามิก,579967261434,"Dec 20, 2024",null,0,0%,0%,0,0%,0%,฿0,0%,0,0,0
โลกตรายาง,โลกตรายาง - กลุ่มโฆษณาแบบไดนามิก,579967261434,"Dec 21, 2024",null,0,0%,0%,0,0%,0%,฿0,0%,0,0,0
โลกตรายาง,โลกตรายาง - กลุ่มโฆษณาแบบไดนามิก,579967261434,"Dec 22, 2024",null,0,0%,0%,0,0%,0%,฿0,0%,0,0,0
โลกตรายาง,โลกตรายาง - กลุ่มโฆษณาแบบไดนามิก,579967261434,"Dec 23, 2024",null,0,0%,0%,0,0%,0%,฿0,0%,0,0,0
โลกตรายาง,โลกตรายาง - กลุ่มโฆษณาแบบไดนามิก,579967261434,"Dec 24, 2024",null,0,0%,0%,0,0%,0%,฿0,0%,0,0,0
โลกตรายาง,โลกตรายาง - กลุ่มโฆษณาแบบไดนามิก,579967261434,"Dec 25, 2024",null,0,0%,0%,0,0%,0%,฿0,0%,0,0,0
โลกตรายาง,โลกตรายาง - กลุ่มโฆษณาแบบไดนามิก,579967261434,"Dec 26, 2024",null,0,0%,0%,0,0%,0%,฿0,0%,0,0,0